"STATISTIC","AREA","DATA_VALUE","DAY","MONTH","YEAR","INDICATOR_NAME","INDICATOR_UNITS"
"mean","GOM",9.13195023162783,1,1,2021,"bottomT","degC"
"mean","GOM",9.14352966208887,2,1,2021,"bottomT","degC"
"mean","GOM",9.14020777856507,3,1,2021,"bottomT","degC"
"mean","GOM",9.12976353027698,4,1,2021,"bottomT","degC"
"mean","GOM",9.10310837883225,5,1,2021,"bottomT","degC"
"mean","GOM",9.06050891082261,6,1,2021,"bottomT","degC"
"mean","GOM",9.01971751745765,7,1,2021,"bottomT","degC"
"mean","GOM",8.99311340189857,8,1,2021,"bottomT","degC"
"mean","GOM",8.98545074601372,9,1,2021,"bottomT","degC"
"mean","GOM",8.97655860175237,10,1,2021,"bottomT","degC"
"mean","GOM",8.97369051025775,11,1,2021,"bottomT","degC"
"mean","GOM",8.98231463464624,12,1,2021,"bottomT","degC"
"mean","GOM",8.99452937284028,13,1,2021,"bottomT","degC"
"mean","GOM",9.01075587775793,14,1,2021,"bottomT","degC"
"mean","GOM",9.02754963609856,15,1,2021,"bottomT","degC"
"mean","GOM",9.0323378008079,16,1,2021,"bottomT","degC"
"mean","GOM",9.03171242541288,17,1,2021,"bottomT","degC"
"mean","GOM",9.05324331765484,18,1,2021,"bottomT","degC"
"mean","GOM",9.08771925166408,19,1,2021,"bottomT","degC"
"mean","GOM",9.11264646988063,20,1,2021,"bottomT","degC"
"mean","GOM",9.12060408162932,21,1,2021,"bottomT","degC"
"mean","GOM",9.12988264032163,22,1,2021,"bottomT","degC"
"mean","GOM",9.13758997626365,23,1,2021,"bottomT","degC"
"mean","GOM",9.10812061430755,24,1,2021,"bottomT","degC"
"mean","GOM",9.0931406111131,25,1,2021,"bottomT","degC"
"mean","GOM",9.10270351131103,26,1,2021,"bottomT","degC"
"mean","GOM",9.11730629823099,27,1,2021,"bottomT","degC"
"mean","GOM",9.11591303844766,28,1,2021,"bottomT","degC"
"mean","GOM",9.08152218155801,29,1,2021,"bottomT","degC"
"mean","GOM",9.012478153334,30,1,2021,"bottomT","degC"
"mean","GOM",8.96332284626402,31,1,2021,"bottomT","degC"
"mean","GOM",8.93921247341049,1,2,2021,"bottomT","degC"
"mean","GOM",8.87346831780551,2,2,2021,"bottomT","degC"
"mean","GOM",8.76968175190116,3,2,2021,"bottomT","degC"
"mean","GOM",8.73073316220508,4,2,2021,"bottomT","degC"
"mean","GOM",8.73198462709684,5,2,2021,"bottomT","degC"
"mean","GOM",8.75323046373144,6,2,2021,"bottomT","degC"
"mean","GOM",8.78537861213795,7,2,2021,"bottomT","degC"
"mean","GOM",8.79574769741106,8,2,2021,"bottomT","degC"
"mean","GOM",8.80208371131025,9,2,2021,"bottomT","degC"
"mean","GOM",8.82088548816301,10,2,2021,"bottomT","degC"
"mean","GOM",8.82957343810526,11,2,2021,"bottomT","degC"
"mean","GOM",8.83709498896603,12,2,2021,"bottomT","degC"
"mean","GOM",8.84517031209859,13,2,2021,"bottomT","degC"
"mean","GOM",8.84751724204389,14,2,2021,"bottomT","degC"
"mean","GOM",8.84072955972574,15,2,2021,"bottomT","degC"
"mean","GOM",8.82281622512758,16,2,2021,"bottomT","degC"
"mean","GOM",8.8139439132299,17,2,2021,"bottomT","degC"
"mean","GOM",8.81284207849973,18,2,2021,"bottomT","degC"
"mean","GOM",8.81850522277662,19,2,2021,"bottomT","degC"
"mean","GOM",8.80164268910019,20,2,2021,"bottomT","degC"
"mean","GOM",8.78263176837711,21,2,2021,"bottomT","degC"
"mean","GOM",8.77556542343923,22,2,2021,"bottomT","degC"
"mean","GOM",8.80704349469815,23,2,2021,"bottomT","degC"
"mean","GOM",8.83872648938005,24,2,2021,"bottomT","degC"
"mean","GOM",8.87795303682621,25,2,2021,"bottomT","degC"
"mean","GOM",8.91389172790358,26,2,2021,"bottomT","degC"
"mean","GOM",8.95199158023195,27,2,2021,"bottomT","degC"
"mean","GOM",8.99353811216954,28,2,2021,"bottomT","degC"
"mean","GOM",9.02048541684811,1,3,2021,"bottomT","degC"
"mean","GOM",9.03713238550871,2,3,2021,"bottomT","degC"
"mean","GOM",9.05985445920865,3,3,2021,"bottomT","degC"
"mean","GOM",9.1387194797815,4,3,2021,"bottomT","degC"
"mean","GOM",9.18641416562608,5,3,2021,"bottomT","degC"
"mean","GOM",9.21094713298764,6,3,2021,"bottomT","degC"
"mean","GOM",9.23793057989174,7,3,2021,"bottomT","degC"
"mean","GOM",9.26232884191013,8,3,2021,"bottomT","degC"
"mean","GOM",9.28046553917337,9,3,2021,"bottomT","degC"
"mean","GOM",9.29522572251511,10,3,2021,"bottomT","degC"
"mean","GOM",9.3087061044669,11,3,2021,"bottomT","degC"
"mean","GOM",9.34245032585602,12,3,2021,"bottomT","degC"
"mean","GOM",9.38426202310597,13,3,2021,"bottomT","degC"
"mean","GOM",9.40850287877809,14,3,2021,"bottomT","degC"
"mean","GOM",9.40245966505104,15,3,2021,"bottomT","degC"
"mean","GOM",9.3662628968249,16,3,2021,"bottomT","degC"
"mean","GOM",9.36193416679471,17,3,2021,"bottomT","degC"
"mean","GOM",9.37133683055091,18,3,2021,"bottomT","degC"
"mean","GOM",9.3665096413593,19,3,2021,"bottomT","degC"
"mean","GOM",9.33834493748793,20,3,2021,"bottomT","degC"
"mean","GOM",9.3362645855947,21,3,2021,"bottomT","degC"
"mean","GOM",9.33962405778085,22,3,2021,"bottomT","degC"
"mean","GOM",9.34385989873245,23,3,2021,"bottomT","degC"
"mean","GOM",9.34048978333782,24,3,2021,"bottomT","degC"
"mean","GOM",9.32710160382835,25,3,2021,"bottomT","degC"
"mean","GOM",9.31363892301355,26,3,2021,"bottomT","degC"
"mean","GOM",9.31299795878245,27,3,2021,"bottomT","degC"
"mean","GOM",9.30669880605736,28,3,2021,"bottomT","degC"
"mean","GOM",9.29951546337574,29,3,2021,"bottomT","degC"
"mean","GOM",9.29839587188529,30,3,2021,"bottomT","degC"
"mean","GOM",9.3185136343595,31,3,2021,"bottomT","degC"
"mean","GOM",9.3466790523326,1,4,2021,"bottomT","degC"
"mean","GOM",9.3493152767968,2,4,2021,"bottomT","degC"
"mean","GOM",9.34393291990385,3,4,2021,"bottomT","degC"
"mean","GOM",9.34320967795196,4,4,2021,"bottomT","degC"
"mean","GOM",9.33985166097311,5,4,2021,"bottomT","degC"
"mean","GOM",9.32486243307994,6,4,2021,"bottomT","degC"
"mean","GOM",9.31110906970236,7,4,2021,"bottomT","degC"
"mean","GOM",9.29730392679471,8,4,2021,"bottomT","degC"
"mean","GOM",9.28731846509345,9,4,2021,"bottomT","degC"
"mean","GOM",9.28284294353681,10,4,2021,"bottomT","degC"
"mean","GOM",9.27776406879924,11,4,2021,"bottomT","degC"
"mean","GOM",9.26325770476896,12,4,2021,"bottomT","degC"
"mean","GOM",9.24551524728219,13,4,2021,"bottomT","degC"
"mean","GOM",9.23189518320133,14,4,2021,"bottomT","degC"
"mean","GOM",9.22208766161761,15,4,2021,"bottomT","degC"
"mean","GOM",9.20678787194517,16,4,2021,"bottomT","degC"
"mean","GOM",9.16112037457432,17,4,2021,"bottomT","degC"
"mean","GOM",9.11927319265404,18,4,2021,"bottomT","degC"
"mean","GOM",9.11301162189805,19,4,2021,"bottomT","degC"
"mean","GOM",9.12176194287916,20,4,2021,"bottomT","degC"
"mean","GOM",9.13504308375592,21,4,2021,"bottomT","degC"
"mean","GOM",9.14873475280644,22,4,2021,"bottomT","degC"
"mean","GOM",9.17614574930906,23,4,2021,"bottomT","degC"
"mean","GOM",9.2214169142207,24,4,2021,"bottomT","degC"
"mean","GOM",9.25579002127412,25,4,2021,"bottomT","degC"
"mean","GOM",9.27236538588828,26,4,2021,"bottomT","degC"
"mean","GOM",9.28378882735881,27,4,2021,"bottomT","degC"
"mean","GOM",9.29908861980087,28,4,2021,"bottomT","degC"
"mean","GOM",9.31322060203737,29,4,2021,"bottomT","degC"
"mean","GOM",9.32091446882988,30,4,2021,"bottomT","degC"
"mean","GOM",9.3249921900259,1,5,2021,"bottomT","degC"
"mean","GOM",9.3358703536655,2,5,2021,"bottomT","degC"
"mean","GOM",9.35264283205163,3,5,2021,"bottomT","degC"
"mean","GOM",9.36489089391585,4,5,2021,"bottomT","degC"
"mean","GOM",9.37264926435871,5,5,2021,"bottomT","degC"
"mean","GOM",9.37413472289153,6,5,2021,"bottomT","degC"
"mean","GOM",9.37457857658187,7,5,2021,"bottomT","degC"
"mean","GOM",9.37305838971724,8,5,2021,"bottomT","degC"
"mean","GOM",9.37017115780368,9,5,2021,"bottomT","degC"
"mean","GOM",9.37308321248412,10,5,2021,"bottomT","degC"
"mean","GOM",9.3783088750553,11,5,2021,"bottomT","degC"
"mean","GOM",9.38450735466986,12,5,2021,"bottomT","degC"
"mean","GOM",9.38538941293811,13,5,2021,"bottomT","degC"
"mean","GOM",9.38514692300979,14,5,2021,"bottomT","degC"
"mean","GOM",9.38677771301491,15,5,2021,"bottomT","degC"
"mean","GOM",9.3851745611008,16,5,2021,"bottomT","degC"
"mean","GOM",9.38111313822655,17,5,2021,"bottomT","degC"
"mean","GOM",9.37735236556578,18,5,2021,"bottomT","degC"
"mean","GOM",9.37748070769481,19,5,2021,"bottomT","degC"
"mean","GOM",9.38078271869538,20,5,2021,"bottomT","degC"
"mean","GOM",9.38353878484691,21,5,2021,"bottomT","degC"
"mean","GOM",9.3872570211405,22,5,2021,"bottomT","degC"
"mean","GOM",9.39274931277103,23,5,2021,"bottomT","degC"
"mean","GOM",9.39888538764961,24,5,2021,"bottomT","degC"
"mean","GOM",9.40483072951133,25,5,2021,"bottomT","degC"
"mean","GOM",9.41511755321979,26,5,2021,"bottomT","degC"
"mean","GOM",9.42935874824487,27,5,2021,"bottomT","degC"
"mean","GOM",9.4394853468209,28,5,2021,"bottomT","degC"
"mean","GOM",9.44623331132724,29,5,2021,"bottomT","degC"
"mean","GOM",9.45419379009974,30,5,2021,"bottomT","degC"
"mean","GOM",9.46358082993794,31,5,2021,"bottomT","degC"
"mean","GOM",9.46808540809535,1,6,2021,"bottomT","degC"
"mean","GOM",9.47124491771909,2,6,2021,"bottomT","degC"
"mean","GOM",9.4738619745297,3,6,2021,"bottomT","degC"
"mean","GOM",9.47286791538338,4,6,2021,"bottomT","degC"
"mean","GOM",9.47217871812745,5,6,2021,"bottomT","degC"
"mean","GOM",9.47602175142966,6,6,2021,"bottomT","degC"
"mean","GOM",9.48148849511308,7,6,2021,"bottomT","degC"
"mean","GOM",9.48753027255861,8,6,2021,"bottomT","degC"
"mean","GOM",9.49420097467399,9,6,2021,"bottomT","degC"
"mean","GOM",9.50112410690293,10,6,2021,"bottomT","degC"
"mean","GOM",9.50655751445287,11,6,2021,"bottomT","degC"
"mean","GOM",9.5079302266168,12,6,2021,"bottomT","degC"
"mean","GOM",9.5120561748368,13,6,2021,"bottomT","degC"
"mean","GOM",9.51436480571086,14,6,2021,"bottomT","degC"
"mean","GOM",9.51297436286727,15,6,2021,"bottomT","degC"
"mean","GOM",9.51107911472745,16,6,2021,"bottomT","degC"
"mean","GOM",9.51143362722923,17,6,2021,"bottomT","degC"
"mean","GOM",9.51302330722421,18,6,2021,"bottomT","degC"
"mean","GOM",9.51172858817072,19,6,2021,"bottomT","degC"
"mean","GOM",9.5092143112323,20,6,2021,"bottomT","degC"
"mean","GOM",9.50799403185997,21,6,2021,"bottomT","degC"
"mean","GOM",9.50625402814306,22,6,2021,"bottomT","degC"
"mean","GOM",9.50655326907886,23,6,2021,"bottomT","degC"
"mean","GOM",9.50910157963475,24,6,2021,"bottomT","degC"
"mean","GOM",9.51021193719441,25,6,2021,"bottomT","degC"
"mean","GOM",9.50884134517865,26,6,2021,"bottomT","degC"
"mean","GOM",9.50966880259186,27,6,2021,"bottomT","degC"
"mean","GOM",9.5161190032959,28,6,2021,"bottomT","degC"
"mean","GOM",9.52323923175586,29,6,2021,"bottomT","degC"
"mean","GOM",9.52825785560275,30,6,2021,"bottomT","degC"
"mean","GOM",9.52107593420053,1,7,2021,"bottomT","degC"
"mean","GOM",9.51143574091495,2,7,2021,"bottomT","degC"
"mean","GOM",9.50377309103095,3,7,2021,"bottomT","degC"
"mean","GOM",9.50398580471752,4,7,2021,"bottomT","degC"
"mean","GOM",9.50249823019096,5,7,2021,"bottomT","degC"
"mean","GOM",9.49365288705817,6,7,2021,"bottomT","degC"
"mean","GOM",9.47377692718358,7,7,2021,"bottomT","degC"
"mean","GOM",9.46202661914955,8,7,2021,"bottomT","degC"
"mean","GOM",9.45512618630807,9,7,2021,"bottomT","degC"
"mean","GOM",9.44929993925805,10,7,2021,"bottomT","degC"
"mean","GOM",9.44840158636088,11,7,2021,"bottomT","degC"
"mean","GOM",9.44057160771712,12,7,2021,"bottomT","degC"
"mean","GOM",9.43139016778287,13,7,2021,"bottomT","degC"
"mean","GOM",9.42076228271957,14,7,2021,"bottomT","degC"
"mean","GOM",9.40251569803317,15,7,2021,"bottomT","degC"
"mean","GOM",9.38503346992485,16,7,2021,"bottomT","degC"
"mean","GOM",9.36539218732718,17,7,2021,"bottomT","degC"
"mean","GOM",9.34883315011585,18,7,2021,"bottomT","degC"
"mean","GOM",9.33512870755339,19,7,2021,"bottomT","degC"
"mean","GOM",9.3236705326734,20,7,2021,"bottomT","degC"
"mean","GOM",9.30990581106239,21,7,2021,"bottomT","degC"
"mean","GOM",9.30069814323802,22,7,2021,"bottomT","degC"
"mean","GOM",9.29449400897178,23,7,2021,"bottomT","degC"
"mean","GOM",9.28687245248017,24,7,2021,"bottomT","degC"
"mean","GOM",9.27116141730103,25,7,2021,"bottomT","degC"
"mean","GOM",9.23816385758466,26,7,2021,"bottomT","degC"
"mean","GOM",9.21834034933587,27,7,2021,"bottomT","degC"
"mean","GOM",9.2078954141807,28,7,2021,"bottomT","degC"
"mean","GOM",9.20372339462842,29,7,2021,"bottomT","degC"
"mean","GOM",9.18318942624856,30,7,2021,"bottomT","degC"
"mean","GOM",9.16862208014652,31,7,2021,"bottomT","degC"
"mean","GOM",9.16047229471419,1,8,2021,"bottomT","degC"
"mean","GOM",9.14867944708175,2,8,2021,"bottomT","degC"
"mean","GOM",9.13776157855526,3,8,2021,"bottomT","degC"
"mean","GOM",9.12543480393963,4,8,2021,"bottomT","degC"
"mean","GOM",9.11372418694436,5,8,2021,"bottomT","degC"
"mean","GOM",9.11081855687144,6,8,2021,"bottomT","degC"
"mean","GOM",9.10605446528373,7,8,2021,"bottomT","degC"
"mean","GOM",9.09441618997845,8,8,2021,"bottomT","degC"
"mean","GOM",9.08705628414468,9,8,2021,"bottomT","degC"
"mean","GOM",9.0871257841991,10,8,2021,"bottomT","degC"
"mean","GOM",9.09263719086033,11,8,2021,"bottomT","degC"
"mean","GOM",9.09396593152957,12,8,2021,"bottomT","degC"
"mean","GOM",9.09247057250947,13,8,2021,"bottomT","degC"
"mean","GOM",9.0917423770827,14,8,2021,"bottomT","degC"
"mean","GOM",9.09371707330946,15,8,2021,"bottomT","degC"
"mean","GOM",9.10019914455359,16,8,2021,"bottomT","degC"
"mean","GOM",9.10131662558955,17,8,2021,"bottomT","degC"
"mean","GOM",9.08956276597266,18,8,2021,"bottomT","degC"
"mean","GOM",9.06724909960589,19,8,2021,"bottomT","degC"
"mean","GOM",9.04742206100804,20,8,2021,"bottomT","degC"
"mean","GOM",9.03966722368386,21,8,2021,"bottomT","degC"
"mean","GOM",9.03888373638053,22,8,2021,"bottomT","degC"
"mean","GOM",9.04665061188113,23,8,2021,"bottomT","degC"
"mean","GOM",9.06032314651356,24,8,2021,"bottomT","degC"
"mean","GOM",9.07124812282182,25,8,2021,"bottomT","degC"
"mean","GOM",9.07453949569156,26,8,2021,"bottomT","degC"
"mean","GOM",9.07000657041906,27,8,2021,"bottomT","degC"
"mean","GOM",9.06979102202099,28,8,2021,"bottomT","degC"
"mean","GOM",9.07395809040642,29,8,2021,"bottomT","degC"
"mean","GOM",9.06664427529231,30,8,2021,"bottomT","degC"
"mean","GOM",9.04440931983054,31,8,2021,"bottomT","degC"
"mean","GOM",9.02731775106557,1,9,2021,"bottomT","degC"
"mean","GOM",9.02721212586498,2,9,2021,"bottomT","degC"
"mean","GOM",9.05182166436519,3,9,2021,"bottomT","degC"
"mean","GOM",9.06872035550009,4,9,2021,"bottomT","degC"
"mean","GOM",9.07283708502224,5,9,2021,"bottomT","degC"
"mean","GOM",9.06262683499125,6,9,2021,"bottomT","degC"
"mean","GOM",9.04960591102962,7,9,2021,"bottomT","degC"
"mean","GOM",9.02992140565929,8,9,2021,"bottomT","degC"
"mean","GOM",8.98991489687363,9,9,2021,"bottomT","degC"
"mean","GOM",8.9580865446388,10,9,2021,"bottomT","degC"
"mean","GOM",8.95052314058509,11,9,2021,"bottomT","degC"
"mean","GOM",8.93443492398257,12,9,2021,"bottomT","degC"
"mean","GOM",8.90569444685915,13,9,2021,"bottomT","degC"
"mean","GOM",8.89367753607721,14,9,2021,"bottomT","degC"
"mean","GOM",8.88658211561279,15,9,2021,"bottomT","degC"
"mean","GOM",8.87410079405822,16,9,2021,"bottomT","degC"
"mean","GOM",8.87477154745599,17,9,2021,"bottomT","degC"
"mean","GOM",8.88380407894685,18,9,2021,"bottomT","degC"
"mean","GOM",8.89362223866141,19,9,2021,"bottomT","degC"
"mean","GOM",8.91037698036703,20,9,2021,"bottomT","degC"
"mean","GOM",8.92451111875684,21,9,2021,"bottomT","degC"
"mean","GOM",8.93661804236147,22,9,2021,"bottomT","degC"
"mean","GOM",8.94937521859729,23,9,2021,"bottomT","degC"
"mean","GOM",8.96144247285856,24,9,2021,"bottomT","degC"
"mean","GOM",8.97234687546677,25,9,2021,"bottomT","degC"
"mean","GOM",8.99615805469893,26,9,2021,"bottomT","degC"
"mean","GOM",9.02412847858662,27,9,2021,"bottomT","degC"
"mean","GOM",9.03890356089693,28,9,2021,"bottomT","degC"
"mean","GOM",9.05788544371421,29,9,2021,"bottomT","degC"
"mean","GOM",9.0861607534957,30,9,2021,"bottomT","degC"
"mean","GOM",9.11093552645732,1,10,2021,"bottomT","degC"
"mean","GOM",9.12300489994356,2,10,2021,"bottomT","degC"
"mean","GOM",9.12677702899131,3,10,2021,"bottomT","degC"
"mean","GOM",9.13744816683153,4,10,2021,"bottomT","degC"
"mean","GOM",9.15020248527564,5,10,2021,"bottomT","degC"
"mean","GOM",9.16560720866555,6,10,2021,"bottomT","degC"
"mean","GOM",9.17124555833342,7,10,2021,"bottomT","degC"
"mean","GOM",9.17079387029628,8,10,2021,"bottomT","degC"
"mean","GOM",9.18465430231085,9,10,2021,"bottomT","degC"
"mean","GOM",9.20381910687841,10,10,2021,"bottomT","degC"
"mean","GOM",9.21595087956136,11,10,2021,"bottomT","degC"
"mean","GOM",9.22660853625036,12,10,2021,"bottomT","degC"
"mean","GOM",9.23357774350442,13,10,2021,"bottomT","degC"
"mean","GOM",9.24035552764331,14,10,2021,"bottomT","degC"
"mean","GOM",9.25539934669783,15,10,2021,"bottomT","degC"
"mean","GOM",9.27546393975168,16,10,2021,"bottomT","degC"
"mean","GOM",9.28716033287455,17,10,2021,"bottomT","degC"
"mean","GOM",9.30296282477439,18,10,2021,"bottomT","degC"
"mean","GOM",9.32464190858839,19,10,2021,"bottomT","degC"
"mean","GOM",9.33536479179995,20,10,2021,"bottomT","degC"
"mean","GOM",9.34015724296607,21,10,2021,"bottomT","degC"
"mean","GOM",9.34094359313876,22,10,2021,"bottomT","degC"
"mean","GOM",9.33905255990707,23,10,2021,"bottomT","degC"
"mean","GOM",9.34503547542901,24,10,2021,"bottomT","degC"
"mean","GOM",9.34614798498754,25,10,2021,"bottomT","degC"
"mean","GOM",9.35304415537565,26,10,2021,"bottomT","degC"
"mean","GOM",9.41999082159096,27,10,2021,"bottomT","degC"
"mean","GOM",9.54115471004401,28,10,2021,"bottomT","degC"
"mean","GOM",9.59886107301666,29,10,2021,"bottomT","degC"
"mean","GOM",9.61621781724928,30,10,2021,"bottomT","degC"
"mean","GOM",9.63006264473323,31,10,2021,"bottomT","degC"
"mean","GOM",9.64395000396832,1,11,2021,"bottomT","degC"
"mean","GOM",9.64452859023649,2,11,2021,"bottomT","degC"
"mean","GOM",9.63937454740629,3,11,2021,"bottomT","degC"
"mean","GOM",9.63691060702314,4,11,2021,"bottomT","degC"
"mean","GOM",9.6356839695143,5,11,2021,"bottomT","degC"
"mean","GOM",9.63157148813578,6,11,2021,"bottomT","degC"
"mean","GOM",9.62380603252976,7,11,2021,"bottomT","degC"
"mean","GOM",9.61836552827656,8,11,2021,"bottomT","degC"
"mean","GOM",9.61905825311194,9,11,2021,"bottomT","degC"
"mean","GOM",9.62403575494698,10,11,2021,"bottomT","degC"
"mean","GOM",9.62768097422361,11,11,2021,"bottomT","degC"
"mean","GOM",9.62973862119012,12,11,2021,"bottomT","degC"
"mean","GOM",9.63246703263289,13,11,2021,"bottomT","degC"
"mean","GOM",9.6355208695108,14,11,2021,"bottomT","degC"
"mean","GOM",9.6327797094827,15,11,2021,"bottomT","degC"
"mean","GOM",9.61912702152367,16,11,2021,"bottomT","degC"
"mean","GOM",9.60403287099153,17,11,2021,"bottomT","degC"
"mean","GOM",9.59917946083386,18,11,2021,"bottomT","degC"
"mean","GOM",9.59906245339644,19,11,2021,"bottomT","degC"
"mean","GOM",9.58657898769028,20,11,2021,"bottomT","degC"
"mean","GOM",9.57830726350265,21,11,2021,"bottomT","degC"
"mean","GOM",9.57689272353402,22,11,2021,"bottomT","degC"
"mean","GOM",9.56990366175929,23,11,2021,"bottomT","degC"
"mean","GOM",9.55382533872001,24,11,2021,"bottomT","degC"
"mean","GOM",9.54806220912287,25,11,2021,"bottomT","degC"
"mean","GOM",9.55572701239055,26,11,2021,"bottomT","degC"
"mean","GOM",9.55887019276503,27,11,2021,"bottomT","degC"
"mean","GOM",9.54656612769216,28,11,2021,"bottomT","degC"
"mean","GOM",9.5465597529379,29,11,2021,"bottomT","degC"
"mean","GOM",9.54037049248281,30,11,2021,"bottomT","degC"
"mean","GOM",9.53528521390991,1,12,2021,"bottomT","degC"
"mean","GOM",9.53040413242573,2,12,2021,"bottomT","degC"
"mean","GOM",9.52376957622871,3,12,2021,"bottomT","degC"
"mean","GOM",9.50432118510923,4,12,2021,"bottomT","degC"
"mean","GOM",9.49379469141263,5,12,2021,"bottomT","degC"
"mean","GOM",9.49080606536274,6,12,2021,"bottomT","degC"
"mean","GOM",9.4910903775565,7,12,2021,"bottomT","degC"
"mean","GOM",9.48433603414146,8,12,2021,"bottomT","degC"
"mean","GOM",9.47355356428769,9,12,2021,"bottomT","degC"
"mean","GOM",9.46318376398964,10,12,2021,"bottomT","degC"
"mean","GOM",9.46144094217897,11,12,2021,"bottomT","degC"
"mean","GOM",9.46509180410557,12,12,2021,"bottomT","degC"
"mean","GOM",9.45841898276522,13,12,2021,"bottomT","degC"
"mean","GOM",9.45532045705967,14,12,2021,"bottomT","degC"
"mean","GOM",9.45096549544653,15,12,2021,"bottomT","degC"
"mean","GOM",9.45390092899585,16,12,2021,"bottomT","degC"
"mean","GOM",9.46418353133372,17,12,2021,"bottomT","degC"
"mean","GOM",9.46805492190632,18,12,2021,"bottomT","degC"
"mean","GOM",9.46972613136166,19,12,2021,"bottomT","degC"
"mean","GOM",9.45375557536654,20,12,2021,"bottomT","degC"
"mean","GOM",9.44281217874193,21,12,2021,"bottomT","degC"
"mean","GOM",9.44580081540871,22,12,2021,"bottomT","degC"
"mean","GOM",9.4363144729629,23,12,2021,"bottomT","degC"
"mean","GOM",9.41201689813398,24,12,2021,"bottomT","degC"
"mean","GOM",9.40838376504062,25,12,2021,"bottomT","degC"
"mean","GOM",9.41331659051133,26,12,2021,"bottomT","degC"
"mean","GOM",9.39890452945336,27,12,2021,"bottomT","degC"
"mean","GOM",9.39315984140638,28,12,2021,"bottomT","degC"
"mean","GOM",9.39413762161831,29,12,2021,"bottomT","degC"
"mean","GOM",9.39743538124402,30,12,2021,"bottomT","degC"
"mean","GOM",9.40024886819077,31,12,2021,"bottomT","degC"
"mean","GOM",9.40230794336073,1,1,2022,"bottomT","degC"
"mean","GOM",9.40580355347876,2,1,2022,"bottomT","degC"
"mean","GOM",9.39820186951038,3,1,2022,"bottomT","degC"
"mean","GOM",9.35842864672651,4,1,2022,"bottomT","degC"
"mean","GOM",9.34060039409479,5,1,2022,"bottomT","degC"
"mean","GOM",9.36316648365106,6,1,2022,"bottomT","degC"
"mean","GOM",9.369431615222,7,1,2022,"bottomT","degC"
"mean","GOM",9.33801665356868,8,1,2022,"bottomT","degC"
"mean","GOM",9.31698349161508,9,1,2022,"bottomT","degC"
"mean","GOM",9.33820808499273,10,1,2022,"bottomT","degC"
"mean","GOM",9.33023273656352,11,1,2022,"bottomT","degC"
"mean","GOM",9.30829415362894,12,1,2022,"bottomT","degC"
"mean","GOM",9.32977185613996,13,1,2022,"bottomT","degC"
"mean","GOM",9.35112831599484,14,1,2022,"bottomT","degC"
"mean","GOM",9.30085272572047,15,1,2022,"bottomT","degC"
"mean","GOM",9.24686454780335,16,1,2022,"bottomT","degC"
"mean","GOM",9.24590379340143,17,1,2022,"bottomT","degC"
"mean","GOM",9.24912073305246,18,1,2022,"bottomT","degC"
"mean","GOM",9.21567647754858,19,1,2022,"bottomT","degC"
"mean","GOM",9.22879878087519,20,1,2022,"bottomT","degC"
"mean","GOM",9.21584449963787,21,1,2022,"bottomT","degC"
"mean","GOM",9.17879899958327,22,1,2022,"bottomT","degC"
"mean","GOM",9.14582554760884,23,1,2022,"bottomT","degC"
"mean","GOM",9.12483850730239,24,1,2022,"bottomT","degC"
"mean","GOM",9.10732010234822,25,1,2022,"bottomT","degC"
"mean","GOM",9.08359330667531,26,1,2022,"bottomT","degC"
"mean","GOM",9.03763367799683,27,1,2022,"bottomT","degC"
"mean","GOM",9.01566176977647,28,1,2022,"bottomT","degC"
"mean","GOM",8.98185942226089,29,1,2022,"bottomT","degC"
"mean","GOM",8.83908526895122,30,1,2022,"bottomT","degC"
"mean","GOM",8.78813962437869,31,1,2022,"bottomT","degC"
"mean","GOM",8.78146821393164,1,2,2022,"bottomT","degC"
"mean","GOM",8.77273490906685,2,2,2022,"bottomT","degC"
"mean","GOM",8.77949140609638,3,2,2022,"bottomT","degC"
"mean","GOM",8.77516055084036,4,2,2022,"bottomT","degC"
"mean","GOM",8.71335303264112,5,2,2022,"bottomT","degC"
"mean","GOM",8.66326818253849,6,2,2022,"bottomT","degC"
"mean","GOM",8.65854734811294,7,2,2022,"bottomT","degC"
"mean","GOM",8.66482240948303,8,2,2022,"bottomT","degC"
"mean","GOM",8.65669247603255,9,2,2022,"bottomT","degC"
"mean","GOM",8.66464727730396,10,2,2022,"bottomT","degC"
"mean","GOM",8.69375429148826,11,2,2022,"bottomT","degC"
"mean","GOM",8.7224033012741,12,2,2022,"bottomT","degC"
"mean","GOM",8.75088636434321,13,2,2022,"bottomT","degC"
"mean","GOM",8.73777541324915,14,2,2022,"bottomT","degC"
"mean","GOM",8.69970958807577,15,2,2022,"bottomT","degC"
"mean","GOM",8.68209829035018,16,2,2022,"bottomT","degC"
"mean","GOM",8.70663057915354,17,2,2022,"bottomT","degC"
"mean","GOM",8.77274057433543,18,2,2022,"bottomT","degC"
"mean","GOM",8.80459799147991,19,2,2022,"bottomT","degC"
"mean","GOM",8.80604090556748,20,2,2022,"bottomT","degC"
"mean","GOM",8.80462351103835,21,2,2022,"bottomT","degC"
"mean","GOM",8.82151299916994,22,2,2022,"bottomT","degC"
"mean","GOM",8.8236770209823,23,2,2022,"bottomT","degC"
"mean","GOM",8.8230154650486,24,2,2022,"bottomT","degC"
"mean","GOM",8.80407259101905,25,2,2022,"bottomT","degC"
"mean","GOM",8.76621237821293,26,2,2022,"bottomT","degC"
"mean","GOM",8.73513066226261,27,2,2022,"bottomT","degC"
"mean","GOM",8.71754845044966,28,2,2022,"bottomT","degC"
"mean","GOM",8.6952440085508,1,3,2022,"bottomT","degC"
"mean","GOM",8.6965997036752,2,3,2022,"bottomT","degC"
"mean","GOM",8.69151796329864,3,3,2022,"bottomT","degC"
"mean","GOM",8.66011931058398,4,3,2022,"bottomT","degC"
"mean","GOM",8.63426891739578,5,3,2022,"bottomT","degC"
"mean","GOM",8.62471877709248,6,3,2022,"bottomT","degC"
"mean","GOM",8.62846606421678,7,3,2022,"bottomT","degC"
"mean","GOM",8.62718765710238,8,3,2022,"bottomT","degC"
"mean","GOM",8.61366546119402,9,3,2022,"bottomT","degC"
"mean","GOM",8.60081967633553,10,3,2022,"bottomT","degC"
"mean","GOM",8.58790795500719,11,3,2022,"bottomT","degC"
"mean","GOM",8.5687346446895,12,3,2022,"bottomT","degC"
"mean","GOM",8.53753026111082,13,3,2022,"bottomT","degC"
"mean","GOM",8.51236410339481,14,3,2022,"bottomT","degC"
"mean","GOM",8.51814281213434,15,3,2022,"bottomT","degC"
"mean","GOM",8.51190321143114,16,3,2022,"bottomT","degC"
"mean","GOM",8.50359674852561,17,3,2022,"bottomT","degC"
"mean","GOM",8.49359921448921,18,3,2022,"bottomT","degC"
"mean","GOM",8.47581350953397,19,3,2022,"bottomT","degC"
"mean","GOM",8.45140744501947,20,3,2022,"bottomT","degC"
"mean","GOM",8.42636465103098,21,3,2022,"bottomT","degC"
"mean","GOM",8.40955176150349,22,3,2022,"bottomT","degC"
"mean","GOM",8.39597848793429,23,3,2022,"bottomT","degC"
"mean","GOM",8.39068050975375,24,3,2022,"bottomT","degC"
"mean","GOM",8.38191599767413,25,3,2022,"bottomT","degC"
"mean","GOM",8.36650985577446,26,3,2022,"bottomT","degC"
"mean","GOM",8.35639459373644,27,3,2022,"bottomT","degC"
"mean","GOM",8.34766908998295,28,3,2022,"bottomT","degC"
"mean","GOM",8.33354559895607,29,3,2022,"bottomT","degC"
"mean","GOM",8.31984614679682,30,3,2022,"bottomT","degC"
"mean","GOM",8.3180550905765,31,3,2022,"bottomT","degC"
"mean","GOM",8.32974796673681,1,4,2022,"bottomT","degC"
"mean","GOM",8.33299042479228,2,4,2022,"bottomT","degC"
"mean","GOM",8.3281483377861,3,4,2022,"bottomT","degC"
"mean","GOM",8.3250859884648,4,4,2022,"bottomT","degC"
"mean","GOM",8.31842732729547,5,4,2022,"bottomT","degC"
"mean","GOM",8.31412838827837,6,4,2022,"bottomT","degC"
"mean","GOM",8.29728358251197,7,4,2022,"bottomT","degC"
"mean","GOM",8.27387940295091,8,4,2022,"bottomT","degC"
"mean","GOM",8.24893375564752,9,4,2022,"bottomT","degC"
"mean","GOM",8.2214717297217,10,4,2022,"bottomT","degC"
"mean","GOM",8.19829726196097,11,4,2022,"bottomT","degC"
"mean","GOM",8.18061224834963,12,4,2022,"bottomT","degC"
"mean","GOM",8.16637744192694,13,4,2022,"bottomT","degC"
"mean","GOM",8.15358554520658,14,4,2022,"bottomT","degC"
"mean","GOM",8.14075039524769,15,4,2022,"bottomT","degC"
"mean","GOM",8.13566156970797,16,4,2022,"bottomT","degC"
"mean","GOM",8.13782842438542,17,4,2022,"bottomT","degC"
"mean","GOM",8.13398612087948,18,4,2022,"bottomT","degC"
"mean","GOM",8.1281237066773,19,4,2022,"bottomT","degC"
"mean","GOM",8.13058553429795,20,4,2022,"bottomT","degC"
"mean","GOM",8.12457707359853,21,4,2022,"bottomT","degC"
"mean","GOM",8.12358510459612,22,4,2022,"bottomT","degC"
"mean","GOM",8.11742846571118,23,4,2022,"bottomT","degC"
"mean","GOM",8.11204399143969,24,4,2022,"bottomT","degC"
"mean","GOM",8.10472449813208,25,4,2022,"bottomT","degC"
"mean","GOM",8.09474892907083,26,4,2022,"bottomT","degC"
"mean","GOM",8.08865539886829,27,4,2022,"bottomT","degC"
"mean","GOM",8.09093923051729,28,4,2022,"bottomT","degC"
"mean","GOM",8.08720609825555,29,4,2022,"bottomT","degC"
"mean","GOM",8.08497331680194,30,4,2022,"bottomT","degC"
"mean","GOM",8.0856291894645,1,5,2022,"bottomT","degC"
"mean","GOM",8.08993379651981,2,5,2022,"bottomT","degC"
"mean","GOM",8.08990686052882,3,5,2022,"bottomT","degC"
"mean","GOM",8.08809382687003,4,5,2022,"bottomT","degC"
"mean","GOM",8.08908719407162,5,5,2022,"bottomT","degC"
"mean","GOM",8.09297703588805,6,5,2022,"bottomT","degC"
"mean","GOM",8.09620602802524,7,5,2022,"bottomT","degC"
"mean","GOM",8.09869548035037,8,5,2022,"bottomT","degC"
"mean","GOM",8.10179259077739,9,5,2022,"bottomT","degC"
"mean","GOM",8.10255268997975,10,5,2022,"bottomT","degC"
"mean","GOM",8.10379705586023,11,5,2022,"bottomT","degC"
"mean","GOM",8.10254134790249,12,5,2022,"bottomT","degC"
"mean","GOM",8.10281432263503,13,5,2022,"bottomT","degC"
"mean","GOM",8.10262927011968,14,5,2022,"bottomT","degC"
"mean","GOM",8.10256544918197,15,5,2022,"bottomT","degC"
"mean","GOM",8.09812823939069,16,5,2022,"bottomT","degC"
"mean","GOM",8.09682715435342,17,5,2022,"bottomT","degC"
"mean","GOM",8.10223148222237,18,5,2022,"bottomT","degC"
"mean","GOM",8.1029703074711,19,5,2022,"bottomT","degC"
"mean","GOM",8.10085735385669,20,5,2022,"bottomT","degC"
"mean","GOM",8.09957115878671,21,5,2022,"bottomT","degC"
"mean","GOM",8.09722776496053,22,5,2022,"bottomT","degC"
"mean","GOM",8.09775813482161,23,5,2022,"bottomT","degC"
"mean","GOM",8.10015966446794,24,5,2022,"bottomT","degC"
"mean","GOM",8.10056737731756,25,5,2022,"bottomT","degC"
"mean","GOM",8.09560190904291,26,5,2022,"bottomT","degC"
"mean","GOM",8.08650911419805,27,5,2022,"bottomT","degC"
"mean","GOM",8.07876987401883,28,5,2022,"bottomT","degC"
"mean","GOM",8.07567133631157,29,5,2022,"bottomT","degC"
"mean","GOM",8.07579968536466,30,5,2022,"bottomT","degC"
"mean","GOM",8.07718232663534,31,5,2022,"bottomT","degC"
"mean","GOM",8.07741417150876,1,6,2022,"bottomT","degC"
"mean","GOM",8.07817570214581,2,6,2022,"bottomT","degC"
"mean","GOM",8.07934207953188,3,6,2022,"bottomT","degC"
"mean","GOM",8.07884575205874,4,6,2022,"bottomT","degC"
"mean","GOM",8.07767440273362,5,6,2022,"bottomT","degC"
"mean","GOM",8.07712772808832,6,6,2022,"bottomT","degC"
"mean","GOM",8.07492046319273,7,6,2022,"bottomT","degC"
"mean","GOM",8.06727340168321,8,6,2022,"bottomT","degC"
"mean","GOM",8.06088702837934,9,6,2022,"bottomT","degC"
"mean","GOM",8.0623533340299,10,6,2022,"bottomT","degC"
"mean","GOM",8.07109659939052,11,6,2022,"bottomT","degC"
"mean","GOM",8.07984267038159,12,6,2022,"bottomT","degC"
"mean","GOM",8.08714229070436,13,6,2022,"bottomT","degC"
"mean","GOM",8.0947943209217,14,6,2022,"bottomT","degC"
"mean","GOM",8.10615890277667,15,6,2022,"bottomT","degC"
"mean","GOM",8.11567712637946,16,6,2022,"bottomT","degC"
"mean","GOM",8.11815878636378,17,6,2022,"bottomT","degC"
"mean","GOM",8.12427927240628,18,6,2022,"bottomT","degC"
"mean","GOM",8.13733633720863,19,6,2022,"bottomT","degC"
"mean","GOM",8.15217738368504,20,6,2022,"bottomT","degC"
"mean","GOM",8.16210828145961,21,6,2022,"bottomT","degC"
"mean","GOM",8.16819897141138,22,6,2022,"bottomT","degC"
"mean","GOM",8.17472008098591,23,6,2022,"bottomT","degC"
"mean","GOM",8.18141204828445,24,6,2022,"bottomT","degC"
"mean","GOM",8.18957245430665,25,6,2022,"bottomT","degC"
"mean","GOM",8.20043787028413,26,6,2022,"bottomT","degC"
"mean","GOM",8.20522393100144,27,6,2022,"bottomT","degC"
"mean","GOM",8.20443973005799,28,6,2022,"bottomT","degC"
"mean","GOM",8.20993269193784,29,6,2022,"bottomT","degC"
"mean","GOM",8.21232928011101,30,6,2022,"bottomT","degC"
"mean","GOM",8.21352685917266,1,7,2022,"bottomT","degC"
"mean","GOM",8.21270577651372,2,7,2022,"bottomT","degC"
"mean","GOM",8.21469536547739,3,7,2022,"bottomT","degC"
"mean","GOM",8.22443339439237,4,7,2022,"bottomT","degC"
"mean","GOM",8.23295186773043,5,7,2022,"bottomT","degC"
"mean","GOM",8.23835195345662,6,7,2022,"bottomT","degC"
"mean","GOM",8.24625144923414,7,7,2022,"bottomT","degC"
"mean","GOM",8.25363473670642,8,7,2022,"bottomT","degC"
"mean","GOM",8.25706367548068,9,7,2022,"bottomT","degC"
"mean","GOM",8.26080602782509,10,7,2022,"bottomT","degC"
"mean","GOM",8.26600403799554,11,7,2022,"bottomT","degC"
"mean","GOM",8.26605153753127,12,7,2022,"bottomT","degC"
"mean","GOM",8.26340397237462,13,7,2022,"bottomT","degC"
"mean","GOM",8.26743347485552,14,7,2022,"bottomT","degC"
"mean","GOM",8.27705380300354,15,7,2022,"bottomT","degC"
"mean","GOM",8.28730022664915,16,7,2022,"bottomT","degC"
"mean","GOM",8.29736584546144,17,7,2022,"bottomT","degC"
"mean","GOM",8.30689965559229,18,7,2022,"bottomT","degC"
"mean","GOM",8.31611939759822,19,7,2022,"bottomT","degC"
"mean","GOM",8.32891270451947,20,7,2022,"bottomT","degC"
"mean","GOM",8.3436502164008,21,7,2022,"bottomT","degC"
"mean","GOM",8.35321948419813,22,7,2022,"bottomT","degC"
"mean","GOM",8.3592038477725,23,7,2022,"bottomT","degC"
"mean","GOM",8.36780313000674,24,7,2022,"bottomT","degC"
"mean","GOM",8.37575367136362,25,7,2022,"bottomT","degC"
"mean","GOM",8.38507055797743,26,7,2022,"bottomT","degC"
"mean","GOM",8.39715977444423,27,7,2022,"bottomT","degC"
"mean","GOM",8.4065113732337,28,7,2022,"bottomT","degC"
"mean","GOM",8.41277224142808,29,7,2022,"bottomT","degC"
"mean","GOM",8.4195698870117,30,7,2022,"bottomT","degC"
"mean","GOM",8.42915546420929,31,7,2022,"bottomT","degC"
"mean","GOM",8.43849005011367,1,8,2022,"bottomT","degC"
"mean","GOM",8.44477502651159,2,8,2022,"bottomT","degC"
"mean","GOM",8.45305951590229,3,8,2022,"bottomT","degC"
"mean","GOM",8.46996672732786,4,8,2022,"bottomT","degC"
"mean","GOM",8.48724615054578,5,8,2022,"bottomT","degC"
"mean","GOM",8.50381727901802,6,8,2022,"bottomT","degC"
"mean","GOM",8.52202201512753,7,8,2022,"bottomT","degC"
"mean","GOM",8.54259710598084,8,8,2022,"bottomT","degC"
"mean","GOM",8.56346714762035,9,8,2022,"bottomT","degC"
"mean","GOM",8.58299852040707,10,8,2022,"bottomT","degC"
"mean","GOM",8.60583689090474,11,8,2022,"bottomT","degC"
"mean","GOM",8.62878726966614,12,8,2022,"bottomT","degC"
"mean","GOM",8.65391869835794,13,8,2022,"bottomT","degC"
"mean","GOM",8.67940463724349,14,8,2022,"bottomT","degC"
"mean","GOM",8.70212528897163,15,8,2022,"bottomT","degC"
"mean","GOM",8.72336405683002,16,8,2022,"bottomT","degC"
"mean","GOM",8.7450005770422,17,8,2022,"bottomT","degC"
"mean","GOM",8.76929603957022,18,8,2022,"bottomT","degC"
"mean","GOM",8.80424702432933,19,8,2022,"bottomT","degC"
"mean","GOM",8.83425241379862,20,8,2022,"bottomT","degC"
"mean","GOM",8.85630374771812,21,8,2022,"bottomT","degC"
"mean","GOM",8.86972173532004,22,8,2022,"bottomT","degC"
"mean","GOM",8.88578798925542,23,8,2022,"bottomT","degC"
"mean","GOM",8.90913048926074,24,8,2022,"bottomT","degC"
"mean","GOM",8.92928794415853,25,8,2022,"bottomT","degC"
"mean","GOM",8.94580730002478,26,8,2022,"bottomT","degC"
"mean","GOM",8.95996197287826,27,8,2022,"bottomT","degC"
"mean","GOM",8.97602610343423,28,8,2022,"bottomT","degC"
"mean","GOM",8.97919271160765,29,8,2022,"bottomT","degC"
"mean","GOM",8.96752749661855,30,8,2022,"bottomT","degC"
"mean","GOM",8.94742038058404,31,8,2022,"bottomT","degC"
"mean","GOM",8.94000942409327,1,9,2022,"bottomT","degC"
"mean","GOM",8.95069262180531,2,9,2022,"bottomT","degC"
"mean","GOM",8.9689916567327,3,9,2022,"bottomT","degC"
"mean","GOM",8.97989891805584,4,9,2022,"bottomT","degC"
"mean","GOM",8.98944125632464,5,9,2022,"bottomT","degC"
"mean","GOM",9.00562237954671,6,9,2022,"bottomT","degC"
"mean","GOM",9.03704657513082,7,9,2022,"bottomT","degC"
"mean","GOM",9.07799539261381,8,9,2022,"bottomT","degC"
"mean","GOM",9.11556985740625,9,9,2022,"bottomT","degC"
"mean","GOM",9.14614390634498,10,9,2022,"bottomT","degC"
"mean","GOM",9.1704159664623,11,9,2022,"bottomT","degC"
"mean","GOM",9.19079109775362,12,9,2022,"bottomT","degC"
"mean","GOM",9.20900649368936,13,9,2022,"bottomT","degC"
"mean","GOM",9.22542159347313,14,9,2022,"bottomT","degC"
"mean","GOM",9.24382701570967,15,9,2022,"bottomT","degC"
"mean","GOM",9.26813380785164,16,9,2022,"bottomT","degC"
"mean","GOM",9.29112390811769,17,9,2022,"bottomT","degC"
"mean","GOM",9.30172554544188,18,9,2022,"bottomT","degC"
"mean","GOM",9.30144618949262,19,9,2022,"bottomT","degC"
"mean","GOM",9.31684950775929,20,9,2022,"bottomT","degC"
"mean","GOM",9.34753486286174,21,9,2022,"bottomT","degC"
"mean","GOM",9.36679041928036,22,9,2022,"bottomT","degC"
"mean","GOM",9.37334413796173,23,9,2022,"bottomT","degC"
"mean","GOM",9.40569860037391,24,9,2022,"bottomT","degC"
"mean","GOM",9.41922576937532,25,9,2022,"bottomT","degC"
"mean","GOM",9.40563763307348,26,9,2022,"bottomT","degC"
"mean","GOM",9.38609560323015,27,9,2022,"bottomT","degC"
"mean","GOM",9.36438959635008,28,9,2022,"bottomT","degC"
"mean","GOM",9.35230035403345,29,9,2022,"bottomT","degC"
"mean","GOM",9.35204582038946,30,9,2022,"bottomT","degC"
"mean","GOM",9.35216422464125,1,10,2022,"bottomT","degC"
"mean","GOM",9.35177566975153,2,10,2022,"bottomT","degC"
"mean","GOM",9.36947344625792,3,10,2022,"bottomT","degC"
"mean","GOM",9.3905228751442,4,10,2022,"bottomT","degC"
"mean","GOM",9.40757259717869,5,10,2022,"bottomT","degC"
"mean","GOM",9.4228837400069,6,10,2022,"bottomT","degC"
"mean","GOM",9.4281306626836,7,10,2022,"bottomT","degC"
"mean","GOM",9.421666308271,8,10,2022,"bottomT","degC"
"mean","GOM",9.41452052724788,9,10,2022,"bottomT","degC"
"mean","GOM",9.40147055499436,10,10,2022,"bottomT","degC"
"mean","GOM",9.3897408132747,11,10,2022,"bottomT","degC"
"mean","GOM",9.37978652509115,12,10,2022,"bottomT","degC"
"mean","GOM",9.3628318210539,13,10,2022,"bottomT","degC"
"mean","GOM",9.33810316604659,14,10,2022,"bottomT","degC"
"mean","GOM",9.32219356765821,15,10,2022,"bottomT","degC"
"mean","GOM",9.3230039992614,16,10,2022,"bottomT","degC"
"mean","GOM",9.32748091947882,17,10,2022,"bottomT","degC"
"mean","GOM",9.32788508028398,18,10,2022,"bottomT","degC"
"mean","GOM",9.32603518568189,19,10,2022,"bottomT","degC"
"mean","GOM",9.31515275451128,20,10,2022,"bottomT","degC"
"mean","GOM",9.28766660191775,21,10,2022,"bottomT","degC"
"mean","GOM",9.2643758717488,22,10,2022,"bottomT","degC"
"mean","GOM",9.24753459586986,23,10,2022,"bottomT","degC"
"mean","GOM",9.2426542386427,24,10,2022,"bottomT","degC"
"mean","GOM",9.24628242703167,25,10,2022,"bottomT","degC"
"mean","GOM",9.25338992167766,26,10,2022,"bottomT","degC"
"mean","GOM",9.26493741928204,27,10,2022,"bottomT","degC"
"mean","GOM",9.27947923497794,28,10,2022,"bottomT","degC"
"mean","GOM",9.29222930850964,29,10,2022,"bottomT","degC"
"mean","GOM",9.29588657057874,30,10,2022,"bottomT","degC"
"mean","GOM",9.29383317083265,31,10,2022,"bottomT","degC"
"mean","GOM",9.2886358724559,1,11,2022,"bottomT","degC"
"mean","GOM",9.28768927637859,2,11,2022,"bottomT","degC"
"mean","GOM",9.29004756801934,3,11,2022,"bottomT","degC"
"mean","GOM",9.28585213867069,4,11,2022,"bottomT","degC"
"mean","GOM",9.27064807971242,5,11,2022,"bottomT","degC"
"mean","GOM",9.24811955920032,6,11,2022,"bottomT","degC"
"mean","GOM",9.21764335189184,7,11,2022,"bottomT","degC"
"mean","GOM",9.19845019928599,8,11,2022,"bottomT","degC"
"mean","GOM",9.20114600392994,9,11,2022,"bottomT","degC"
"mean","GOM",9.2000569069374,10,11,2022,"bottomT","degC"
"mean","GOM",9.18754083627884,11,11,2022,"bottomT","degC"
"mean","GOM",9.1788294848491,12,11,2022,"bottomT","degC"
"mean","GOM",9.16948640773511,13,11,2022,"bottomT","degC"
"mean","GOM",9.17796659885048,14,11,2022,"bottomT","degC"
"mean","GOM",9.18938507299802,15,11,2022,"bottomT","degC"
"mean","GOM",9.19417819672148,16,11,2022,"bottomT","degC"
"mean","GOM",9.1961280854143,17,11,2022,"bottomT","degC"
"mean","GOM",9.20413960607331,18,11,2022,"bottomT","degC"
"mean","GOM",9.2021677593294,19,11,2022,"bottomT","degC"
"mean","GOM",9.19241055768319,20,11,2022,"bottomT","degC"
"mean","GOM",9.17717103598079,21,11,2022,"bottomT","degC"
"mean","GOM",9.16792082163394,22,11,2022,"bottomT","degC"
"mean","GOM",9.16170391385576,23,11,2022,"bottomT","degC"
"mean","GOM",9.15711922197813,24,11,2022,"bottomT","degC"
"mean","GOM",9.15625134049865,25,11,2022,"bottomT","degC"
"mean","GOM",9.14838873982314,26,11,2022,"bottomT","degC"
"mean","GOM",9.14545683939252,27,11,2022,"bottomT","degC"
"mean","GOM",9.1438884356592,28,11,2022,"bottomT","degC"
"mean","GOM",9.13965542803429,29,11,2022,"bottomT","degC"
"mean","GOM",9.13794307948774,30,11,2022,"bottomT","degC"
"mean","GOM",9.13177722975222,1,12,2022,"bottomT","degC"
"mean","GOM",9.12665366941823,2,12,2022,"bottomT","degC"
"mean","GOM",9.13331371816984,3,12,2022,"bottomT","degC"
"mean","GOM",9.12897364883201,4,12,2022,"bottomT","degC"
"mean","GOM",9.12546601530889,5,12,2022,"bottomT","degC"
"mean","GOM",9.12630126413971,6,12,2022,"bottomT","degC"
"mean","GOM",9.12655864634334,7,12,2022,"bottomT","degC"
"mean","GOM",9.13075762819805,8,12,2022,"bottomT","degC"
"mean","GOM",9.129997519302,9,12,2022,"bottomT","degC"
"mean","GOM",9.11607115728003,10,12,2022,"bottomT","degC"
"mean","GOM",9.09911929257034,11,12,2022,"bottomT","degC"
"mean","GOM",9.08613808688213,12,12,2022,"bottomT","degC"
"mean","GOM",9.06759866278723,13,12,2022,"bottomT","degC"
"mean","GOM",9.04580401404899,14,12,2022,"bottomT","degC"
"mean","GOM",9.02831893876584,15,12,2022,"bottomT","degC"
"mean","GOM",9.00864576070145,16,12,2022,"bottomT","degC"
"mean","GOM",8.98418581197246,17,12,2022,"bottomT","degC"
"mean","GOM",8.96825781588633,18,12,2022,"bottomT","degC"
"mean","GOM",8.96410634510746,19,12,2022,"bottomT","degC"
"mean","GOM",8.95495896140927,20,12,2022,"bottomT","degC"
"mean","GOM",8.94363971785908,21,12,2022,"bottomT","degC"
"mean","GOM",8.93883950620284,22,12,2022,"bottomT","degC"
"mean","GOM",8.92686725932192,23,12,2022,"bottomT","degC"
"mean","GOM",8.91580189116811,24,12,2022,"bottomT","degC"
"mean","GOM",8.91088322125238,25,12,2022,"bottomT","degC"
"mean","GOM",8.9183431234849,26,12,2022,"bottomT","degC"
"mean","GOM",8.92544916730882,27,12,2022,"bottomT","degC"
"mean","GOM",8.92850869853637,28,12,2022,"bottomT","degC"
"mean","GOM",8.93528790672428,29,12,2022,"bottomT","degC"
"mean","GOM",8.94060786211248,30,12,2022,"bottomT","degC"
"mean","GOM",8.9440467304551,31,12,2022,"bottomT","degC"
"mean","GOM",8.95085640729108,1,1,2023,"bottomT","degC"
"mean","GOM",8.95596435940162,2,1,2023,"bottomT","degC"
"mean","GOM",8.95886863558936,3,1,2023,"bottomT","degC"
"mean","GOM",8.9587778606581,4,1,2023,"bottomT","degC"
"mean","GOM",8.95239502739699,5,1,2023,"bottomT","degC"
"mean","GOM",8.92939857037924,6,1,2023,"bottomT","degC"
"mean","GOM",8.9101174854009,7,1,2023,"bottomT","degC"
"mean","GOM",8.90041277507845,8,1,2023,"bottomT","degC"
"mean","GOM",8.89981149542366,9,1,2023,"bottomT","degC"
"mean","GOM",8.902345632422,10,1,2023,"bottomT","degC"
"mean","GOM",8.89375553472691,11,1,2023,"bottomT","degC"
"mean","GOM",8.88352259223251,12,1,2023,"bottomT","degC"
"mean","GOM",8.88050416409104,13,1,2023,"bottomT","degC"
"mean","GOM",8.89000043010435,14,1,2023,"bottomT","degC"
"mean","GOM",8.85593644600985,15,1,2023,"bottomT","degC"
"mean","GOM",8.79510599184359,16,1,2023,"bottomT","degC"
"mean","GOM",8.76356267698275,17,1,2023,"bottomT","degC"
"mean","GOM",8.76944423021905,18,1,2023,"bottomT","degC"
"mean","GOM",8.78597775364199,19,1,2023,"bottomT","degC"
"mean","GOM",8.79666802359227,20,1,2023,"bottomT","degC"
"mean","GOM",8.78695623133789,21,1,2023,"bottomT","degC"
"mean","GOM",8.77477269481943,22,1,2023,"bottomT","degC"
"mean","GOM",8.77555763340643,23,1,2023,"bottomT","degC"
"mean","GOM",8.75942753037548,24,1,2023,"bottomT","degC"
"mean","GOM",8.76644851300516,25,1,2023,"bottomT","degC"
"mean","GOM",8.78224178482233,26,1,2023,"bottomT","degC"
"mean","GOM",8.8027332149886,27,1,2023,"bottomT","degC"
"mean","GOM",8.82226315726385,28,1,2023,"bottomT","degC"
"mean","GOM",8.85008327266254,29,1,2023,"bottomT","degC"
"mean","GOM",8.86763924804569,30,1,2023,"bottomT","degC"
"mean","GOM",8.87660939141834,31,1,2023,"bottomT","degC"
"mean","GOM",8.86464495765044,1,2,2023,"bottomT","degC"
"mean","GOM",8.85505796148147,2,2,2023,"bottomT","degC"
"mean","GOM",8.852533745281,3,2,2023,"bottomT","degC"
"mean","GOM",8.8018249362159,4,2,2023,"bottomT","degC"
"mean","GOM",8.79753094559602,5,2,2023,"bottomT","degC"
"mean","GOM",8.85201401262754,6,2,2023,"bottomT","degC"
"mean","GOM",8.85598679364362,7,2,2023,"bottomT","degC"
"mean","GOM",8.84157262005395,8,2,2023,"bottomT","degC"
"mean","GOM",8.82483983939984,9,2,2023,"bottomT","degC"
"mean","GOM",8.82495186566614,10,2,2023,"bottomT","degC"
"mean","GOM",8.82418751785854,11,2,2023,"bottomT","degC"
"mean","GOM",8.82409390729256,12,2,2023,"bottomT","degC"
"mean","GOM",8.82782562104453,13,2,2023,"bottomT","degC"
"mean","GOM",8.8132150369369,14,2,2023,"bottomT","degC"
"mean","GOM",8.79288812574551,15,2,2023,"bottomT","degC"
"mean","GOM",8.79427004368238,16,2,2023,"bottomT","degC"
"mean","GOM",8.80221277054143,17,2,2023,"bottomT","degC"
"mean","GOM",8.79655387210015,18,2,2023,"bottomT","degC"
"mean","GOM",8.78781771913733,19,2,2023,"bottomT","degC"
"mean","GOM",8.79234214581455,20,2,2023,"bottomT","degC"
"mean","GOM",8.80094143358805,21,2,2023,"bottomT","degC"
"mean","GOM",8.80303171920407,22,2,2023,"bottomT","degC"
"mean","GOM",8.79878950857585,23,2,2023,"bottomT","degC"
"mean","GOM",8.7776145542695,24,2,2023,"bottomT","degC"
"mean","GOM",8.73996706507444,25,2,2023,"bottomT","degC"
"mean","GOM",8.7181468808524,26,2,2023,"bottomT","degC"
"mean","GOM",8.69784336976368,27,2,2023,"bottomT","degC"
"mean","GOM",8.66809322434727,28,2,2023,"bottomT","degC"
"mean","GOM",8.63885786134068,1,3,2023,"bottomT","degC"
"mean","GOM",8.6256100450573,2,3,2023,"bottomT","degC"
"mean","GOM",8.61373423676062,3,3,2023,"bottomT","degC"
"mean","GOM",8.59580744039862,4,3,2023,"bottomT","degC"
"mean","GOM",8.57386743733867,5,3,2023,"bottomT","degC"
"mean","GOM",8.57047109682355,6,3,2023,"bottomT","degC"
"mean","GOM",8.58178818422042,7,3,2023,"bottomT","degC"
"mean","GOM",8.58367070916315,8,3,2023,"bottomT","degC"
"mean","GOM",8.57346400286775,9,3,2023,"bottomT","degC"
"mean","GOM",8.5656751303105,10,3,2023,"bottomT","degC"
"mean","GOM",8.56303250408819,11,3,2023,"bottomT","degC"
"mean","GOM",8.54286653051533,12,3,2023,"bottomT","degC"
"mean","GOM",8.52183836588901,13,3,2023,"bottomT","degC"
"mean","GOM",8.50510418011166,14,3,2023,"bottomT","degC"
"mean","GOM",8.46976463376956,15,3,2023,"bottomT","degC"
"mean","GOM",8.45332681913459,16,3,2023,"bottomT","degC"
"mean","GOM",8.46269899739416,17,3,2023,"bottomT","degC"
"mean","GOM",8.49128629300393,18,3,2023,"bottomT","degC"
"mean","GOM",8.52447319330804,19,3,2023,"bottomT","degC"
"mean","GOM",8.56772001299715,20,3,2023,"bottomT","degC"
"mean","GOM",8.62598867914914,21,3,2023,"bottomT","degC"
"mean","GOM",8.67344652694747,22,3,2023,"bottomT","degC"
"mean","GOM",8.696439459617,23,3,2023,"bottomT","degC"
"mean","GOM",8.71474701206543,24,3,2023,"bottomT","degC"
"mean","GOM",8.72394973287739,25,3,2023,"bottomT","degC"
"mean","GOM",8.72870104910674,26,3,2023,"bottomT","degC"
"mean","GOM",8.732532030846,27,3,2023,"bottomT","degC"
"mean","GOM",8.74010036529438,28,3,2023,"bottomT","degC"
"mean","GOM",8.74156030034511,29,3,2023,"bottomT","degC"
"mean","GOM",8.74785449867212,30,3,2023,"bottomT","degC"
"mean","GOM",8.75615599817828,31,3,2023,"bottomT","degC"
"mean","GOM",8.7750279587213,1,4,2023,"bottomT","degC"
"mean","GOM",8.789893107862,2,4,2023,"bottomT","degC"
"mean","GOM",8.79202378292398,3,4,2023,"bottomT","degC"
"mean","GOM",8.81263361780364,4,4,2023,"bottomT","degC"
"mean","GOM",8.8295110345233,5,4,2023,"bottomT","degC"
"mean","GOM",8.83274924166551,6,4,2023,"bottomT","degC"
"mean","GOM",8.838462737269,7,4,2023,"bottomT","degC"
"mean","GOM",8.85202963977677,8,4,2023,"bottomT","degC"
"mean","GOM",8.87016771654423,9,4,2023,"bottomT","degC"
"mean","GOM",8.88995434584715,10,4,2023,"bottomT","degC"
"mean","GOM",8.90843915385406,11,4,2023,"bottomT","degC"
"mean","GOM",8.92899155778322,12,4,2023,"bottomT","degC"
"mean","GOM",8.94232377055077,13,4,2023,"bottomT","degC"
"mean","GOM",8.95055223688382,14,4,2023,"bottomT","degC"
"mean","GOM",8.95296581578509,15,4,2023,"bottomT","degC"
"mean","GOM",8.94761607399984,16,4,2023,"bottomT","degC"
"mean","GOM",8.93480929469785,17,4,2023,"bottomT","degC"
"mean","GOM",8.92466141893695,18,4,2023,"bottomT","degC"
"mean","GOM",8.91933507586957,19,4,2023,"bottomT","degC"
"mean","GOM",8.91854023771849,20,4,2023,"bottomT","degC"
"mean","GOM",8.91955982634774,21,4,2023,"bottomT","degC"
"mean","GOM",8.92041920553911,22,4,2023,"bottomT","degC"
"mean","GOM",8.91467947419823,23,4,2023,"bottomT","degC"
"mean","GOM",8.90508324594489,24,4,2023,"bottomT","degC"
"mean","GOM",8.8972979362798,25,4,2023,"bottomT","degC"
"mean","GOM",8.8925218106701,26,4,2023,"bottomT","degC"
"mean","GOM",8.89231760896533,27,4,2023,"bottomT","degC"
"mean","GOM",8.8975687848633,28,4,2023,"bottomT","degC"
"mean","GOM",8.9052286120375,29,4,2023,"bottomT","degC"
"mean","GOM",8.90783578036254,30,4,2023,"bottomT","degC"
"mean","GOM",8.91139943278886,1,5,2023,"bottomT","degC"
"mean","GOM",8.91367475430248,2,5,2023,"bottomT","degC"
"mean","GOM",8.91439232867777,3,5,2023,"bottomT","degC"
"mean","GOM",8.92079711860516,4,5,2023,"bottomT","degC"
"mean","GOM",8.92324049036593,5,5,2023,"bottomT","degC"
"mean","GOM",8.92993176018049,6,5,2023,"bottomT","degC"
"mean","GOM",8.94159485086698,7,5,2023,"bottomT","degC"
"mean","GOM",8.95510358662711,8,5,2023,"bottomT","degC"
"mean","GOM",8.97242983913145,9,5,2023,"bottomT","degC"
"mean","GOM",8.98869604247353,10,5,2023,"bottomT","degC"
"mean","GOM",9.00821537200618,11,5,2023,"bottomT","degC"
"mean","GOM",9.02725325110806,12,5,2023,"bottomT","degC"
"mean","GOM",9.040259285564,13,5,2023,"bottomT","degC"
"mean","GOM",9.0539566203447,14,5,2023,"bottomT","degC"
"mean","GOM",9.06935568215886,15,5,2023,"bottomT","degC"
"mean","GOM",9.08452144781595,16,5,2023,"bottomT","degC"
"mean","GOM",9.09817980012035,17,5,2023,"bottomT","degC"
"mean","GOM",9.11282513979444,18,5,2023,"bottomT","degC"
"mean","GOM",9.12154073613657,19,5,2023,"bottomT","degC"
"mean","GOM",9.12547451898182,20,5,2023,"bottomT","degC"
"mean","GOM",9.12885665662753,21,5,2023,"bottomT","degC"
"mean","GOM",9.13310029869043,22,5,2023,"bottomT","degC"
"mean","GOM",9.13717234307776,23,5,2023,"bottomT","degC"
"mean","GOM",9.13228843796057,24,5,2023,"bottomT","degC"
"mean","GOM",9.12851208061817,25,5,2023,"bottomT","degC"
"mean","GOM",9.12439462268456,26,5,2023,"bottomT","degC"
"mean","GOM",9.12008647235527,27,5,2023,"bottomT","degC"
"mean","GOM",9.11877404339431,28,5,2023,"bottomT","degC"
"mean","GOM",9.11943414758274,29,5,2023,"bottomT","degC"
"mean","GOM",9.12371536884511,30,5,2023,"bottomT","degC"
"mean","GOM",9.12200657972869,31,5,2023,"bottomT","degC"
"mean","GOM",9.12232919537894,1,6,2023,"bottomT","degC"
"mean","GOM",9.12514339134977,2,6,2023,"bottomT","degC"
"mean","GOM",9.1262041163006,3,6,2023,"bottomT","degC"
"mean","GOM",9.14413093297318,4,6,2023,"bottomT","degC"
"mean","GOM",9.17873803412926,5,6,2023,"bottomT","degC"
"mean","GOM",9.19466389760389,6,6,2023,"bottomT","degC"
"mean","GOM",9.19998459432848,7,6,2023,"bottomT","degC"
"mean","GOM",9.20082977549727,8,6,2023,"bottomT","degC"
"mean","GOM",9.19822188891608,9,6,2023,"bottomT","degC"
"mean","GOM",9.19513117678514,10,6,2023,"bottomT","degC"
"mean","GOM",9.19460079076791,11,6,2023,"bottomT","degC"
"mean","GOM",9.19281755043022,12,6,2023,"bottomT","degC"
"mean","GOM",9.18741320455871,13,6,2023,"bottomT","degC"
"mean","GOM",9.18525203638363,14,6,2023,"bottomT","degC"
"mean","GOM",9.18370701890486,15,6,2023,"bottomT","degC"
"mean","GOM",9.18349926377081,16,6,2023,"bottomT","degC"
"mean","GOM",9.18286963838576,17,6,2023,"bottomT","degC"
"mean","GOM",9.18304051180431,18,6,2023,"bottomT","degC"
"mean","GOM",9.19217869850004,19,6,2023,"bottomT","degC"
"mean","GOM",9.19864874310784,20,6,2023,"bottomT","degC"
"mean","GOM",9.19737316078046,21,6,2023,"bottomT","degC"
"mean","GOM",9.19578349001756,22,6,2023,"bottomT","degC"
"mean","GOM",9.19340392996242,23,6,2023,"bottomT","degC"
"mean","GOM",9.18749189653794,24,6,2023,"bottomT","degC"
"mean","GOM",9.17782548874876,25,6,2023,"bottomT","degC"
"mean","GOM",9.17276431699459,26,6,2023,"bottomT","degC"
"mean","GOM",9.16902125562611,27,6,2023,"bottomT","degC"
"mean","GOM",9.15924635099649,28,6,2023,"bottomT","degC"
"mean","GOM",9.15635274386706,29,6,2023,"bottomT","degC"
"mean","GOM",9.15862381585224,30,6,2023,"bottomT","degC"
"mean","GOM",9.16226619210848,1,7,2023,"bottomT","degC"
"mean","GOM",9.16506904230921,2,7,2023,"bottomT","degC"
"mean","GOM",9.16625954082375,3,7,2023,"bottomT","degC"
"mean","GOM",9.17077119814346,4,7,2023,"bottomT","degC"
"mean","GOM",9.17697109626777,5,7,2023,"bottomT","degC"
"mean","GOM",9.18298237090651,6,7,2023,"bottomT","degC"
"mean","GOM",9.18623406289277,7,7,2023,"bottomT","degC"
"mean","GOM",9.18482799982401,8,7,2023,"bottomT","degC"
"mean","GOM",9.18544276893889,9,7,2023,"bottomT","degC"
"mean","GOM",9.18832218681623,10,7,2023,"bottomT","degC"
"mean","GOM",9.19385133708204,11,7,2023,"bottomT","degC"
"mean","GOM",9.20313628160711,12,7,2023,"bottomT","degC"
"mean","GOM",9.20972898368798,13,7,2023,"bottomT","degC"
"mean","GOM",9.21031111184533,14,7,2023,"bottomT","degC"
"mean","GOM",9.20839032222087,15,7,2023,"bottomT","degC"
"mean","GOM",9.20583988459274,16,7,2023,"bottomT","degC"
"mean","GOM",9.19796379353393,17,7,2023,"bottomT","degC"
"mean","GOM",9.19580971006041,18,7,2023,"bottomT","degC"
"mean","GOM",9.19488654132042,19,7,2023,"bottomT","degC"
"mean","GOM",9.19682861828504,20,7,2023,"bottomT","degC"
"mean","GOM",9.20087372298855,21,7,2023,"bottomT","degC"
"mean","GOM",9.20371628592344,22,7,2023,"bottomT","degC"
"mean","GOM",9.20906319576681,23,7,2023,"bottomT","degC"
"mean","GOM",9.21354155665099,24,7,2023,"bottomT","degC"
"mean","GOM",9.21364009253399,25,7,2023,"bottomT","degC"
"mean","GOM",9.20960205591429,26,7,2023,"bottomT","degC"
"mean","GOM",9.2033717122221,27,7,2023,"bottomT","degC"
"mean","GOM",9.19180575137217,28,7,2023,"bottomT","degC"
"mean","GOM",9.18735223171903,29,7,2023,"bottomT","degC"
"mean","GOM",9.1889412003819,30,7,2023,"bottomT","degC"
"mean","GOM",9.1978652327243,31,7,2023,"bottomT","degC"
"mean","GOM",9.20550095261817,1,8,2023,"bottomT","degC"
"mean","GOM",9.21554388912234,2,8,2023,"bottomT","degC"
"mean","GOM",9.22129638105025,3,8,2023,"bottomT","degC"
"mean","GOM",9.21383649358906,4,8,2023,"bottomT","degC"
"mean","GOM",9.20320506109734,5,8,2023,"bottomT","degC"
"mean","GOM",9.20277467886453,6,8,2023,"bottomT","degC"
"mean","GOM",9.20497060583729,7,8,2023,"bottomT","degC"
"mean","GOM",9.20308948370979,8,8,2023,"bottomT","degC"
"mean","GOM",9.20410627732549,9,8,2023,"bottomT","degC"
"mean","GOM",9.21541767175754,10,8,2023,"bottomT","degC"
"mean","GOM",9.22648303298729,11,8,2023,"bottomT","degC"
"mean","GOM",9.23379684440857,12,8,2023,"bottomT","degC"
"mean","GOM",9.2404583287493,13,8,2023,"bottomT","degC"
"mean","GOM",9.24523588302405,14,8,2023,"bottomT","degC"
"mean","GOM",9.2528531544437,15,8,2023,"bottomT","degC"
"mean","GOM",9.2617899658373,16,8,2023,"bottomT","degC"
"mean","GOM",9.27153226551451,17,8,2023,"bottomT","degC"
"mean","GOM",9.28209208749732,18,8,2023,"bottomT","degC"
"mean","GOM",9.2920421118427,19,8,2023,"bottomT","degC"
"mean","GOM",9.2959652764061,20,8,2023,"bottomT","degC"
"mean","GOM",9.29766837902014,21,8,2023,"bottomT","degC"
"mean","GOM",9.30277706600459,22,8,2023,"bottomT","degC"
"mean","GOM",9.31508185210325,23,8,2023,"bottomT","degC"
"mean","GOM",9.32141645280112,24,8,2023,"bottomT","degC"
"mean","GOM",9.31548246224875,25,8,2023,"bottomT","degC"
"mean","GOM",9.29581140664055,26,8,2023,"bottomT","degC"
"mean","GOM",9.28835223466591,27,8,2023,"bottomT","degC"
"mean","GOM",9.28963065355122,28,8,2023,"bottomT","degC"
"mean","GOM",9.29158265316013,29,8,2023,"bottomT","degC"
"mean","GOM",9.29367929321983,30,8,2023,"bottomT","degC"
"mean","GOM",9.30211764960644,31,8,2023,"bottomT","degC"
"mean","GOM",9.31939639888221,1,9,2023,"bottomT","degC"
"mean","GOM",9.33599302037065,2,9,2023,"bottomT","degC"
"mean","GOM",9.3400048147905,3,9,2023,"bottomT","degC"
"mean","GOM",9.34104498265904,4,9,2023,"bottomT","degC"
"mean","GOM",9.3463316166851,5,9,2023,"bottomT","degC"
"mean","GOM",9.35485505734616,6,9,2023,"bottomT","degC"
"mean","GOM",9.36391738677417,7,9,2023,"bottomT","degC"
"mean","GOM",9.37135526217657,8,9,2023,"bottomT","degC"
"mean","GOM",9.3736128493177,9,9,2023,"bottomT","degC"
"mean","GOM",9.37413257689351,10,9,2023,"bottomT","degC"
"mean","GOM",9.37947313737085,11,9,2023,"bottomT","degC"
"mean","GOM",9.38860280608392,12,9,2023,"bottomT","degC"
"mean","GOM",9.40177616468358,13,9,2023,"bottomT","degC"
"mean","GOM",9.41588263036205,14,9,2023,"bottomT","degC"
"mean","GOM",9.43183473695975,15,9,2023,"bottomT","degC"
"mean","GOM",9.47578563302438,16,9,2023,"bottomT","degC"
"mean","GOM",9.52738218039765,17,9,2023,"bottomT","degC"
"mean","GOM",9.54648460838709,18,9,2023,"bottomT","degC"
"mean","GOM",9.55545189719925,19,9,2023,"bottomT","degC"
"mean","GOM",9.55351974934138,20,9,2023,"bottomT","degC"
"mean","GOM",9.54272593602552,21,9,2023,"bottomT","degC"
"mean","GOM",9.53535328668408,22,9,2023,"bottomT","degC"
"mean","GOM",9.53224766335206,23,9,2023,"bottomT","degC"
"mean","GOM",9.53332825390205,24,9,2023,"bottomT","degC"
"mean","GOM",9.54154395226241,25,9,2023,"bottomT","degC"
"mean","GOM",9.56123912530624,26,9,2023,"bottomT","degC"
"mean","GOM",9.58519849472563,27,9,2023,"bottomT","degC"
"mean","GOM",9.58531122770799,28,9,2023,"bottomT","degC"
"mean","GOM",9.57162025383343,29,9,2023,"bottomT","degC"
"mean","GOM",9.55783074546068,30,9,2023,"bottomT","degC"
"mean","GOM",9.55056160855732,1,10,2023,"bottomT","degC"
"mean","GOM",9.54736169702432,2,10,2023,"bottomT","degC"
"mean","GOM",9.54006276033739,3,10,2023,"bottomT","degC"
"mean","GOM",9.51814262449222,4,10,2023,"bottomT","degC"
"mean","GOM",9.49903099580748,5,10,2023,"bottomT","degC"
"mean","GOM",9.48011931883746,6,10,2023,"bottomT","degC"
"mean","GOM",9.46101834120847,7,10,2023,"bottomT","degC"
"mean","GOM",9.4531358869355,8,10,2023,"bottomT","degC"
"mean","GOM",9.43606491310437,9,10,2023,"bottomT","degC"
"mean","GOM",9.40752154744491,10,10,2023,"bottomT","degC"
"mean","GOM",9.38115851853732,11,10,2023,"bottomT","degC"
"mean","GOM",9.35727645074525,12,10,2023,"bottomT","degC"
"mean","GOM",9.33483586352885,13,10,2023,"bottomT","degC"
"mean","GOM",9.31391404282089,14,10,2023,"bottomT","degC"
"mean","GOM",9.28698236967679,15,10,2023,"bottomT","degC"
"mean","GOM",9.26530612288232,16,10,2023,"bottomT","degC"
"mean","GOM",9.25227740750308,17,10,2023,"bottomT","degC"
"mean","GOM",9.23690812700831,18,10,2023,"bottomT","degC"
"mean","GOM",9.2110166157319,19,10,2023,"bottomT","degC"
"mean","GOM",9.17108103705053,20,10,2023,"bottomT","degC"
"mean","GOM",9.13094976172212,21,10,2023,"bottomT","degC"
"mean","GOM",9.1078136006491,22,10,2023,"bottomT","degC"
"mean","GOM",9.08373797020631,23,10,2023,"bottomT","degC"
"mean","GOM",9.06907702969443,24,10,2023,"bottomT","degC"
"mean","GOM",9.0575826687365,25,10,2023,"bottomT","degC"
"mean","GOM",9.03921200345123,26,10,2023,"bottomT","degC"
"mean","GOM",9.02423837685747,27,10,2023,"bottomT","degC"
"mean","GOM",9.01160034990265,28,10,2023,"bottomT","degC"
"mean","GOM",8.99704861479369,29,10,2023,"bottomT","degC"
"mean","GOM",8.98914418585187,30,10,2023,"bottomT","degC"
"mean","GOM",8.98997445489638,31,10,2023,"bottomT","degC"
"mean","GOM",8.99498528409443,1,11,2023,"bottomT","degC"
"mean","GOM",8.99720671931633,2,11,2023,"bottomT","degC"
"mean","GOM",8.99309425270915,3,11,2023,"bottomT","degC"
"mean","GOM",8.96528761292242,4,11,2023,"bottomT","degC"
"mean","GOM",8.93620044979675,5,11,2023,"bottomT","degC"
"mean","GOM",8.92482521550122,6,11,2023,"bottomT","degC"
"mean","GOM",8.92133103589467,7,11,2023,"bottomT","degC"
"mean","GOM",8.82211355087487,8,11,2023,"bottomT","degC"
"mean","GOM",8.81133465106813,9,11,2023,"bottomT","degC"
"mean","GOM",8.79805776433585,10,11,2023,"bottomT","degC"
"mean","GOM",8.78367477049555,11,11,2023,"bottomT","degC"
"mean","GOM",8.77119839964624,12,11,2023,"bottomT","degC"
"mean","GOM",8.76196309049963,13,11,2023,"bottomT","degC"
"mean","GOM",8.75508036156476,14,11,2023,"bottomT","degC"
"mean","GOM",8.7461995727672,15,11,2023,"bottomT","degC"
"mean","GOM",8.73300424226833,16,11,2023,"bottomT","degC"
"mean","GOM",8.7176902744223,17,11,2023,"bottomT","degC"
"mean","GOM",8.6985545458429,18,11,2023,"bottomT","degC"
"mean","GOM",8.67911747095084,19,11,2023,"bottomT","degC"
"mean","GOM",8.65829420782128,20,11,2023,"bottomT","degC"
"mean","GOM",8.63699094508301,21,11,2023,"bottomT","degC"
"mean","GOM",8.62067436918054,22,11,2023,"bottomT","degC"
"mean","GOM",8.60606235779266,23,11,2023,"bottomT","degC"
"mean","GOM",8.59656539383378,24,11,2023,"bottomT","degC"
"mean","GOM",8.57787779801582,25,11,2023,"bottomT","degC"
"mean","GOM",8.55727788855007,26,11,2023,"bottomT","degC"
"mean","GOM",8.542585065958,27,11,2023,"bottomT","degC"
"mean","GOM",8.52713636691896,28,11,2023,"bottomT","degC"
"mean","GOM",8.50176953623163,29,11,2023,"bottomT","degC"
"mean","GOM",8.48169432997357,30,11,2023,"bottomT","degC"
"mean","GOM",8.46828131846514,1,12,2023,"bottomT","degC"
"mean","GOM",8.4616410914603,2,12,2023,"bottomT","degC"
"mean","GOM",8.45334030974869,3,12,2023,"bottomT","degC"
"mean","GOM",8.4429754610791,4,12,2023,"bottomT","degC"
"mean","GOM",8.43409325238696,5,12,2023,"bottomT","degC"
"mean","GOM",8.42024345758001,6,12,2023,"bottomT","degC"
"mean","GOM",8.40190186689807,7,12,2023,"bottomT","degC"
"mean","GOM",8.38890009027945,8,12,2023,"bottomT","degC"
"mean","GOM",8.38200036600045,9,12,2023,"bottomT","degC"
"mean","GOM",8.38509462971424,10,12,2023,"bottomT","degC"
"mean","GOM",8.39448098453178,11,12,2023,"bottomT","degC"
"mean","GOM",8.39708176286961,12,12,2023,"bottomT","degC"
"mean","GOM",8.38699771774011,13,12,2023,"bottomT","degC"
"mean","GOM",8.37152561952161,14,12,2023,"bottomT","degC"
"mean","GOM",8.35430788047547,15,12,2023,"bottomT","degC"
"mean","GOM",8.34931619815882,16,12,2023,"bottomT","degC"
"mean","GOM",8.34133802794302,17,12,2023,"bottomT","degC"
"mean","GOM",8.33768289894702,18,12,2023,"bottomT","degC"
"mean","GOM",8.33671078908132,19,12,2023,"bottomT","degC"
"mean","GOM",8.32783425073541,20,12,2023,"bottomT","degC"
"mean","GOM",8.30268580592729,21,12,2023,"bottomT","degC"
"mean","GOM",8.27117510478933,22,12,2023,"bottomT","degC"
"mean","GOM",8.25713954105728,23,12,2023,"bottomT","degC"
"mean","GOM",8.25281507394205,24,12,2023,"bottomT","degC"
"mean","GOM",8.25153241476039,25,12,2023,"bottomT","degC"
"mean","GOM",8.24978815228295,26,12,2023,"bottomT","degC"
"mean","GOM",8.24838283470501,27,12,2023,"bottomT","degC"
"mean","GOM",8.24666268227753,28,12,2023,"bottomT","degC"
"mean","GOM",8.23829595671042,29,12,2023,"bottomT","degC"
"mean","GOM",8.2295214984447,30,12,2023,"bottomT","degC"
"mean","GOM",8.21540937119047,31,12,2023,"bottomT","degC"
"mean","GOM",8.20176947151472,1,1,2024,"bottomT","degC"
"mean","GOM",8.18936115266739,2,1,2024,"bottomT","degC"
"mean","GOM",8.18265287458377,3,1,2024,"bottomT","degC"
"mean","GOM",8.18057820365367,4,1,2024,"bottomT","degC"
"mean","GOM",8.15995562526633,5,1,2024,"bottomT","degC"
"mean","GOM",8.1392373018551,6,1,2024,"bottomT","degC"
"mean","GOM",8.12467775178671,7,1,2024,"bottomT","degC"
"mean","GOM",8.08416571252459,8,1,2024,"bottomT","degC"
"mean","GOM",8.05768711130709,9,1,2024,"bottomT","degC"
"mean","GOM",8.04530647624958,10,1,2024,"bottomT","degC"
"mean","GOM",8.04311198763557,11,1,2024,"bottomT","degC"
"mean","GOM",8.03974470579843,12,1,2024,"bottomT","degC"
"mean","GOM",8.02979113817907,13,1,2024,"bottomT","degC"
"mean","GOM",8.01990206359317,14,1,2024,"bottomT","degC"
"mean","GOM",8.01819680759544,15,1,2024,"bottomT","degC"
"mean","GOM",8.01734029081184,16,1,2024,"bottomT","degC"
"mean","GOM",8.00233828802192,17,1,2024,"bottomT","degC"
"mean","GOM",7.97490815156196,18,1,2024,"bottomT","degC"
"mean","GOM",7.96819420474773,19,1,2024,"bottomT","degC"
"mean","GOM",7.95497757859982,20,1,2024,"bottomT","degC"
"mean","GOM",7.93200734254813,21,1,2024,"bottomT","degC"
"mean","GOM",7.91082034360289,22,1,2024,"bottomT","degC"
"mean","GOM",7.90972559103546,23,1,2024,"bottomT","degC"
"mean","GOM",7.91738824945913,24,1,2024,"bottomT","degC"
"mean","GOM",7.92253662563594,25,1,2024,"bottomT","degC"
"mean","GOM",7.9248282650895,26,1,2024,"bottomT","degC"
"mean","GOM",7.91723791927474,27,1,2024,"bottomT","degC"
"mean","GOM",7.90409929593096,28,1,2024,"bottomT","degC"
"mean","GOM",7.88491962286071,29,1,2024,"bottomT","degC"
"mean","GOM",7.83472061041826,30,1,2024,"bottomT","degC"
"mean","GOM",7.79452763176149,31,1,2024,"bottomT","degC"
"mean","GOM",7.78286809081145,1,2,2024,"bottomT","degC"
"mean","GOM",7.7824064900545,2,2,2024,"bottomT","degC"
"mean","GOM",7.76690533823565,3,2,2024,"bottomT","degC"
"mean","GOM",7.72324655570688,4,2,2024,"bottomT","degC"
"mean","GOM",7.68125688233426,5,2,2024,"bottomT","degC"
"mean","GOM",7.64895203891359,6,2,2024,"bottomT","degC"
"mean","GOM",7.629601472345,7,2,2024,"bottomT","degC"
"mean","GOM",7.61900478157162,8,2,2024,"bottomT","degC"
"mean","GOM",7.61459593066634,9,2,2024,"bottomT","degC"
"mean","GOM",7.61887006491913,10,2,2024,"bottomT","degC"
"mean","GOM",7.62721411233258,11,2,2024,"bottomT","degC"
"mean","GOM",7.63202003103258,12,2,2024,"bottomT","degC"
"mean","GOM",7.63401812089955,13,2,2024,"bottomT","degC"
"mean","GOM",7.6187147847219,14,2,2024,"bottomT","degC"
"mean","GOM",7.60858889978599,15,2,2024,"bottomT","degC"
"mean","GOM",7.61629693344279,16,2,2024,"bottomT","degC"
"mean","GOM",7.61800999193662,17,2,2024,"bottomT","degC"
"mean","GOM",7.61970319360177,18,2,2024,"bottomT","degC"
"mean","GOM",7.63352816979629,19,2,2024,"bottomT","degC"
"mean","GOM",7.64809904809381,20,2,2024,"bottomT","degC"
"mean","GOM",7.65562202946607,21,2,2024,"bottomT","degC"
"mean","GOM",7.65383878197351,22,2,2024,"bottomT","degC"
"mean","GOM",7.64816571366752,23,2,2024,"bottomT","degC"
"mean","GOM",7.64145528035381,24,2,2024,"bottomT","degC"
"mean","GOM",7.61848930675547,25,2,2024,"bottomT","degC"
"mean","GOM",7.60951773956461,26,2,2024,"bottomT","degC"
"mean","GOM",7.61944721167455,27,2,2024,"bottomT","degC"
"mean","GOM",7.62592152681378,28,2,2024,"bottomT","degC"
"mean","GOM",7.65973307363985,29,2,2024,"bottomT","degC"
"mean","GOM",7.68059178912744,1,3,2024,"bottomT","degC"
"mean","GOM",7.70360528834215,2,3,2024,"bottomT","degC"
"mean","GOM",7.72160724494949,3,3,2024,"bottomT","degC"
"mean","GOM",7.72406763305738,4,3,2024,"bottomT","degC"
"mean","GOM",7.71332488493906,5,3,2024,"bottomT","degC"
"mean","GOM",7.69566893023651,6,3,2024,"bottomT","degC"
"mean","GOM",7.67779316791376,7,3,2024,"bottomT","degC"
"mean","GOM",7.63792212981107,8,3,2024,"bottomT","degC"
"mean","GOM",7.60508267577135,9,3,2024,"bottomT","degC"
"mean","GOM",7.58886749215878,10,3,2024,"bottomT","degC"
"mean","GOM",7.57609049994625,11,3,2024,"bottomT","degC"
"mean","GOM",7.56487624435203,12,3,2024,"bottomT","degC"
"mean","GOM",7.57155402009046,13,3,2024,"bottomT","degC"
"mean","GOM",7.58035186599554,14,3,2024,"bottomT","degC"
"mean","GOM",7.58242511610786,15,3,2024,"bottomT","degC"
"mean","GOM",7.57792125343699,16,3,2024,"bottomT","degC"
"mean","GOM",7.58148563935242,17,3,2024,"bottomT","degC"
"mean","GOM",7.59609765812596,18,3,2024,"bottomT","degC"
"mean","GOM",7.61046645302048,19,3,2024,"bottomT","degC"
"mean","GOM",7.62626895415241,20,3,2024,"bottomT","degC"
"mean","GOM",7.65081398807906,21,3,2024,"bottomT","degC"
"mean","GOM",7.6865938549928,22,3,2024,"bottomT","degC"
"mean","GOM",7.72688183849109,23,3,2024,"bottomT","degC"
"mean","GOM",7.74548081968553,24,3,2024,"bottomT","degC"
"mean","GOM",7.74474128171989,25,3,2024,"bottomT","degC"
"mean","GOM",7.73570803889693,26,3,2024,"bottomT","degC"
"mean","GOM",7.71115093794358,27,3,2024,"bottomT","degC"
"mean","GOM",7.69404095024707,28,3,2024,"bottomT","degC"
"mean","GOM",7.68461490115953,29,3,2024,"bottomT","degC"
"mean","GOM",7.68347336177327,30,3,2024,"bottomT","degC"
"mean","GOM",7.70050533558715,31,3,2024,"bottomT","degC"
"mean","GOM",7.72319053772689,1,4,2024,"bottomT","degC"
"mean","GOM",7.74429032370982,2,4,2024,"bottomT","degC"
"mean","GOM",7.75851094849689,3,4,2024,"bottomT","degC"
"mean","GOM",7.74971807522326,4,4,2024,"bottomT","degC"
"mean","GOM",7.69560653657904,5,4,2024,"bottomT","degC"
"mean","GOM",7.65736415310035,6,4,2024,"bottomT","degC"
"mean","GOM",7.63732225966477,7,4,2024,"bottomT","degC"
"mean","GOM",7.63658910199264,8,4,2024,"bottomT","degC"
"mean","GOM",7.65146773274617,9,4,2024,"bottomT","degC"
"mean","GOM",7.66817356702319,10,4,2024,"bottomT","degC"
"mean","GOM",7.66955760395423,11,4,2024,"bottomT","degC"
"mean","GOM",7.66563587382594,12,4,2024,"bottomT","degC"
"mean","GOM",7.67426425951379,13,4,2024,"bottomT","degC"
"mean","GOM",7.67599431866021,14,4,2024,"bottomT","degC"
"mean","GOM",7.67748969660609,15,4,2024,"bottomT","degC"
"mean","GOM",7.67775702915025,16,4,2024,"bottomT","degC"
"mean","GOM",7.67944383805858,17,4,2024,"bottomT","degC"
"mean","GOM",7.69093037897943,18,4,2024,"bottomT","degC"
"mean","GOM",7.70264026756324,19,4,2024,"bottomT","degC"
"mean","GOM",7.71256266258808,20,4,2024,"bottomT","degC"
"mean","GOM",7.72144060236441,21,4,2024,"bottomT","degC"
"mean","GOM",7.73105243976442,22,4,2024,"bottomT","degC"
"mean","GOM",7.74014168441122,23,4,2024,"bottomT","degC"
"mean","GOM",7.7476965838688,24,4,2024,"bottomT","degC"
"mean","GOM",7.75826065353364,25,4,2024,"bottomT","degC"
"mean","GOM",7.77074695210489,26,4,2024,"bottomT","degC"
"mean","GOM",7.78445919116261,27,4,2024,"bottomT","degC"
"mean","GOM",7.79573726654053,28,4,2024,"bottomT","degC"
"mean","GOM",7.80587236601986,29,4,2024,"bottomT","degC"
"mean","GOM",7.81342441137855,30,4,2024,"bottomT","degC"
"mean","GOM",7.81829342006598,1,5,2024,"bottomT","degC"
"mean","GOM",7.82098425969496,2,5,2024,"bottomT","degC"
"mean","GOM",7.82320995183097,3,5,2024,"bottomT","degC"
"mean","GOM",7.82381546762767,4,5,2024,"bottomT","degC"
"mean","GOM",7.82127283618849,5,5,2024,"bottomT","degC"
"mean","GOM",7.8159642173383,6,5,2024,"bottomT","degC"
"mean","GOM",7.81418521083451,7,5,2024,"bottomT","degC"
"mean","GOM",7.81403418501257,8,5,2024,"bottomT","degC"
"mean","GOM",7.81020604952492,9,5,2024,"bottomT","degC"
"mean","GOM",7.80850646571984,10,5,2024,"bottomT","degC"
"mean","GOM",7.80912618600157,11,5,2024,"bottomT","degC"
"mean","GOM",7.80960832930027,12,5,2024,"bottomT","degC"
"mean","GOM",7.80836607295107,13,5,2024,"bottomT","degC"
"mean","GOM",7.80678349842984,14,5,2024,"bottomT","degC"
"mean","GOM",7.80443441717807,15,5,2024,"bottomT","degC"
"mean","GOM",7.80478326948892,16,5,2024,"bottomT","degC"
"mean","GOM",7.80918572971459,17,5,2024,"bottomT","degC"
"mean","GOM",7.81573378912823,18,5,2024,"bottomT","degC"
"mean","GOM",7.82268809441329,19,5,2024,"bottomT","degC"
"mean","GOM",7.83256013764993,20,5,2024,"bottomT","degC"
"mean","GOM",7.83825236437743,21,5,2024,"bottomT","degC"
"mean","GOM",7.83765605850811,22,5,2024,"bottomT","degC"
"mean","GOM",7.83262183013059,23,5,2024,"bottomT","degC"
"mean","GOM",7.8284909376678,24,5,2024,"bottomT","degC"
"mean","GOM",7.82956866950287,25,5,2024,"bottomT","degC"
"mean","GOM",7.83222758689208,26,5,2024,"bottomT","degC"
"mean","GOM",7.83403636040554,27,5,2024,"bottomT","degC"
"mean","GOM",7.83070950863553,28,5,2024,"bottomT","degC"
"mean","GOM",7.82914110490221,29,5,2024,"bottomT","degC"
"mean","GOM",7.83079742577508,30,5,2024,"bottomT","degC"
"mean","GOM",7.83604153635887,31,5,2024,"bottomT","degC"
"mean","GOM",7.84354396295686,1,6,2024,"bottomT","degC"
"mean","GOM",7.84854769591325,2,6,2024,"bottomT","degC"
"mean","GOM",7.85125908800847,3,6,2024,"bottomT","degC"
"mean","GOM",7.8543753360848,4,6,2024,"bottomT","degC"
"mean","GOM",7.85653581000713,5,6,2024,"bottomT","degC"
"mean","GOM",7.85647622798096,6,6,2024,"bottomT","degC"
"mean","GOM",7.85693003524308,7,6,2024,"bottomT","degC"
"mean","GOM",7.8632752763798,8,6,2024,"bottomT","degC"
"mean","GOM",7.86853358083173,9,6,2024,"bottomT","degC"
"mean","GOM",7.87172711160961,10,6,2024,"bottomT","degC"
"mean","GOM",7.87539571252474,11,6,2024,"bottomT","degC"
"mean","GOM",7.87763062843626,12,6,2024,"bottomT","degC"
"mean","GOM",7.8788679123848,13,6,2024,"bottomT","degC"
"mean","GOM",7.87536664946151,14,6,2024,"bottomT","degC"
"mean","GOM",7.86951206683651,15,6,2024,"bottomT","degC"
"mean","GOM",7.87343379442597,16,6,2024,"bottomT","degC"
"mean","GOM",7.87573038620039,17,6,2024,"bottomT","degC"
"mean","GOM",7.87147114514612,18,6,2024,"bottomT","degC"
"mean","GOM",7.86874060663111,19,6,2024,"bottomT","degC"
"mean","GOM",7.86621568786902,20,6,2024,"bottomT","degC"
"mean","GOM",7.86407366703694,21,6,2024,"bottomT","degC"
"mean","GOM",7.86363405179654,22,6,2024,"bottomT","degC"
"mean","GOM",7.86340931424328,23,6,2024,"bottomT","degC"
"mean","GOM",7.86072911459156,24,6,2024,"bottomT","degC"
"mean","GOM",7.85896642164247,25,6,2024,"bottomT","degC"
"mean","GOM",7.86011435747839,26,6,2024,"bottomT","degC"
"mean","GOM",7.85774048023279,27,6,2024,"bottomT","degC"
"mean","GOM",7.8569052230931,28,6,2024,"bottomT","degC"
"mean","GOM",7.85809571606838,29,6,2024,"bottomT","degC"
"mean","GOM",7.85019693069975,30,6,2024,"bottomT","degC"
"mean","GOM",7.84598024493843,1,7,2024,"bottomT","degC"
"mean","GOM",7.84778688861001,2,7,2024,"bottomT","degC"
"mean","GOM",7.85360958823161,3,7,2024,"bottomT","degC"
"mean","GOM",7.8570456310948,4,7,2024,"bottomT","degC"
"mean","GOM",7.85857076681826,5,7,2024,"bottomT","degC"
"mean","GOM",7.85817157933696,6,7,2024,"bottomT","degC"
"mean","GOM",7.85748663761032,7,7,2024,"bottomT","degC"
"mean","GOM",7.85842894953887,8,7,2024,"bottomT","degC"
"mean","GOM",7.86084893689151,9,7,2024,"bottomT","degC"
"mean","GOM",7.86277045400422,10,7,2024,"bottomT","degC"
"mean","GOM",7.85672653656154,11,7,2024,"bottomT","degC"
"mean","GOM",7.84744937376039,12,7,2024,"bottomT","degC"
"mean","GOM",7.83963710179287,13,7,2024,"bottomT","degC"
"mean","GOM",7.83376125767755,14,7,2024,"bottomT","degC"
"mean","GOM",7.83185392612409,15,7,2024,"bottomT","degC"
"mean","GOM",7.83008769359386,16,7,2024,"bottomT","degC"
"mean","GOM",7.82857671111736,17,7,2024,"bottomT","degC"
"mean","GOM",7.83018341646074,18,7,2024,"bottomT","degC"
"mean","GOM",7.8351169583412,19,7,2024,"bottomT","degC"
"mean","GOM",7.84108782968586,20,7,2024,"bottomT","degC"
"mean","GOM",7.84756567032732,21,7,2024,"bottomT","degC"
"mean","GOM",7.85461784124605,22,7,2024,"bottomT","degC"
"mean","GOM",7.86031218442889,23,7,2024,"bottomT","degC"
"mean","GOM",7.8657746813535,24,7,2024,"bottomT","degC"
"mean","GOM",7.87161649739061,25,7,2024,"bottomT","degC"
"mean","GOM",7.87818226117248,26,7,2024,"bottomT","degC"
"mean","GOM",7.88715098188092,27,7,2024,"bottomT","degC"
"mean","GOM",7.89565952657384,28,7,2024,"bottomT","degC"
"mean","GOM",7.90326121238864,29,7,2024,"bottomT","degC"
"mean","GOM",7.90895627475085,30,7,2024,"bottomT","degC"
"mean","GOM",7.91183215766308,31,7,2024,"bottomT","degC"
"mean","GOM",7.91262275090176,1,8,2024,"bottomT","degC"
"mean","GOM",7.91763498891589,2,8,2024,"bottomT","degC"
"mean","GOM",7.9252671475332,3,8,2024,"bottomT","degC"
"mean","GOM",7.93339920459389,4,8,2024,"bottomT","degC"
"mean","GOM",7.94062294918478,5,8,2024,"bottomT","degC"
"mean","GOM",7.94774884891418,6,8,2024,"bottomT","degC"
"mean","GOM",7.95765140418969,7,8,2024,"bottomT","degC"
"mean","GOM",7.97171815944203,8,8,2024,"bottomT","degC"
"mean","GOM",7.98226805047167,9,8,2024,"bottomT","degC"
"mean","GOM",7.98126616528743,10,8,2024,"bottomT","degC"
"mean","GOM",7.98107969564713,11,8,2024,"bottomT","degC"
"mean","GOM",7.98415198607689,12,8,2024,"bottomT","degC"
"mean","GOM",7.98945848200928,13,8,2024,"bottomT","degC"
"mean","GOM",7.99798334071851,14,8,2024,"bottomT","degC"
"mean","GOM",8.0072314266083,15,8,2024,"bottomT","degC"
"mean","GOM",8.01731050256838,16,8,2024,"bottomT","degC"
"mean","GOM",8.02908208640247,17,8,2024,"bottomT","degC"
"mean","GOM",8.03830890110825,18,8,2024,"bottomT","degC"
"mean","GOM",8.04782571127893,19,8,2024,"bottomT","degC"
"mean","GOM",8.05847912074751,20,8,2024,"bottomT","degC"
"mean","GOM",8.07201621654765,21,8,2024,"bottomT","degC"
"mean","GOM",8.08208467422589,22,8,2024,"bottomT","degC"
"mean","GOM",8.08806334806666,23,8,2024,"bottomT","degC"
"mean","GOM",8.09154474954522,24,8,2024,"bottomT","degC"
"mean","GOM",8.09274799710668,25,8,2024,"bottomT","degC"
"mean","GOM",8.09447737100164,26,8,2024,"bottomT","degC"
"mean","GOM",8.09772763293803,27,8,2024,"bottomT","degC"
"mean","GOM",8.09811336188672,28,8,2024,"bottomT","degC"
"mean","GOM",8.10130902204486,29,8,2024,"bottomT","degC"
"mean","GOM",8.11449373749311,30,8,2024,"bottomT","degC"
"mean","GOM",8.12357306549648,31,8,2024,"bottomT","degC"
"mean","GOM",8.12138849075628,1,9,2024,"bottomT","degC"
"mean","GOM",8.11364642879047,2,9,2024,"bottomT","degC"
"mean","GOM",8.11839702307082,3,9,2024,"bottomT","degC"
"mean","GOM",8.12377230218627,4,9,2024,"bottomT","degC"
"mean","GOM",8.12118711591575,5,9,2024,"bottomT","degC"
"mean","GOM",8.11754120700242,6,9,2024,"bottomT","degC"
"mean","GOM",8.12537687584138,7,9,2024,"bottomT","degC"
"mean","GOM",8.13885726725605,8,9,2024,"bottomT","degC"
"mean","GOM",8.13939470981698,9,9,2024,"bottomT","degC"
"mean","GOM",8.13309979092578,10,9,2024,"bottomT","degC"
"mean","GOM",8.12975168366631,11,9,2024,"bottomT","degC"
"mean","GOM",8.12925889623592,12,9,2024,"bottomT","degC"
"mean","GOM",8.12553003335161,13,9,2024,"bottomT","degC"
"mean","GOM",8.12607954547805,14,9,2024,"bottomT","degC"
"mean","GOM",8.13605014213865,15,9,2024,"bottomT","degC"
"mean","GOM",8.14650927162355,16,9,2024,"bottomT","degC"
"mean","GOM",8.14870943196861,17,9,2024,"bottomT","degC"
"mean","GOM",8.14613418357531,18,9,2024,"bottomT","degC"
"mean","GOM",8.14916678065829,19,9,2024,"bottomT","degC"
"mean","GOM",8.16826918372111,20,9,2024,"bottomT","degC"
"mean","GOM",8.21806971216709,21,9,2024,"bottomT","degC"
"mean","GOM",8.28802486495381,22,9,2024,"bottomT","degC"
"mean","GOM",8.34679625041256,23,9,2024,"bottomT","degC"
"mean","GOM",8.38890505714084,24,9,2024,"bottomT","degC"
"mean","GOM",8.42033138579805,25,9,2024,"bottomT","degC"
"mean","GOM",8.43749949823621,26,9,2024,"bottomT","degC"
"mean","GOM",8.44413262761459,27,9,2024,"bottomT","degC"
"mean","GOM",8.45157477654885,28,9,2024,"bottomT","degC"
"mean","GOM",8.45734569248595,29,9,2024,"bottomT","degC"
"mean","GOM",8.45831425769285,30,9,2024,"bottomT","degC"
"mean","GOM",8.4585475280001,1,10,2024,"bottomT","degC"
"mean","GOM",8.4656748614722,2,10,2024,"bottomT","degC"
"mean","GOM",8.47181306850068,3,10,2024,"bottomT","degC"
"mean","GOM",8.46810476316026,4,10,2024,"bottomT","degC"
"mean","GOM",8.46074911839503,5,10,2024,"bottomT","degC"
"mean","GOM",8.46000179455103,6,10,2024,"bottomT","degC"
"mean","GOM",8.46156096619996,7,10,2024,"bottomT","degC"
"mean","GOM",8.45622327736248,8,10,2024,"bottomT","degC"
"mean","GOM",8.45918636885179,9,10,2024,"bottomT","degC"
"mean","GOM",8.45521358506608,10,10,2024,"bottomT","degC"
"mean","GOM",8.44916897337065,11,10,2024,"bottomT","degC"
"mean","GOM",8.4221437035087,12,10,2024,"bottomT","degC"
"mean","GOM",8.38271721150268,13,10,2024,"bottomT","degC"
"mean","GOM",8.35956119729381,14,10,2024,"bottomT","degC"
"mean","GOM",8.35624783359908,15,10,2024,"bottomT","degC"
"mean","GOM",8.34322762789362,16,10,2024,"bottomT","degC"
"mean","GOM",8.32240579712195,17,10,2024,"bottomT","degC"
"mean","GOM",8.30867582415334,18,10,2024,"bottomT","degC"
"mean","GOM",8.30341115879528,19,10,2024,"bottomT","degC"
"mean","GOM",8.28891755996808,20,10,2024,"bottomT","degC"
"mean","GOM",8.27364329608574,21,10,2024,"bottomT","degC"
"mean","GOM",8.26026146732711,22,10,2024,"bottomT","degC"
"mean","GOM",8.2533128240794,23,10,2024,"bottomT","degC"
"mean","GOM",8.24583168020553,24,10,2024,"bottomT","degC"
"mean","GOM",8.25108855506919,25,10,2024,"bottomT","degC"
"mean","GOM",8.25582283210201,26,10,2024,"bottomT","degC"
"mean","GOM",8.25500744887035,27,10,2024,"bottomT","degC"
"mean","GOM",8.24787870104292,28,10,2024,"bottomT","degC"
"mean","GOM",8.24158592030247,29,10,2024,"bottomT","degC"
"mean","GOM",8.2311402521198,30,10,2024,"bottomT","degC"
"mean","GOM",8.22026137160886,31,10,2024,"bottomT","degC"
"mean","GOM",8.20816574946032,1,11,2024,"bottomT","degC"
"mean","GOM",8.19915236808208,2,11,2024,"bottomT","degC"
"mean","GOM",8.20420717569889,3,11,2024,"bottomT","degC"
"mean","GOM",8.20853517824082,4,11,2024,"bottomT","degC"
"mean","GOM",8.2076041940798,5,11,2024,"bottomT","degC"
"mean","GOM",8.20114549708851,6,11,2024,"bottomT","degC"
"mean","GOM",8.19210303602929,7,11,2024,"bottomT","degC"
"mean","GOM",8.19390472853403,8,11,2024,"bottomT","degC"
"mean","GOM",8.19349134856941,9,11,2024,"bottomT","degC"
"mean","GOM",8.19840930392181,10,11,2024,"bottomT","degC"
"mean","GOM",8.19223847163035,11,11,2024,"bottomT","degC"
"mean","GOM",8.18595136816019,12,11,2024,"bottomT","degC"
"mean","GOM",8.19899213094794,13,11,2024,"bottomT","degC"
"mean","GOM",8.212142798469,14,11,2024,"bottomT","degC"
"mean","GOM",8.22133699114302,15,11,2024,"bottomT","degC"
"mean","GOM",8.23032202586777,16,11,2024,"bottomT","degC"
"mean","GOM",8.23889297021901,17,11,2024,"bottomT","degC"
"mean","GOM",8.24362301387953,18,11,2024,"bottomT","degC"
"mean","GOM",8.24538853553927,19,11,2024,"bottomT","degC"
"mean","GOM",8.24787445105288,20,11,2024,"bottomT","degC"
"mean","GOM",8.25054542138985,21,11,2024,"bottomT","degC"
"mean","GOM",8.25078934044483,22,11,2024,"bottomT","degC"
"mean","GOM",8.25136010298309,23,11,2024,"bottomT","degC"
"mean","GOM",8.25419984690102,24,11,2024,"bottomT","degC"
"mean","GOM",8.24450648004065,25,11,2024,"bottomT","degC"
"mean","GOM",8.23461742945816,26,11,2024,"bottomT","degC"
"mean","GOM",8.22567138321056,27,11,2024,"bottomT","degC"
"mean","GOM",8.21876103372565,28,11,2024,"bottomT","degC"
"mean","GOM",8.21053678460874,29,11,2024,"bottomT","degC"
"mean","GOM",8.19979973107086,30,11,2024,"bottomT","degC"
"mean","GOM",8.1828840095099,1,12,2024,"bottomT","degC"
"mean","GOM",8.1638518289121,2,12,2024,"bottomT","degC"
"mean","GOM",8.14671772562638,3,12,2024,"bottomT","degC"
"mean","GOM",8.1318696142974,4,12,2024,"bottomT","degC"
"mean","GOM",8.11967473200884,5,12,2024,"bottomT","degC"
"mean","GOM",8.1003312496802,6,12,2024,"bottomT","degC"
"mean","GOM",8.0773957622709,7,12,2024,"bottomT","degC"
"mean","GOM",8.06502716862105,8,12,2024,"bottomT","degC"
"mean","GOM",8.05673982974751,9,12,2024,"bottomT","degC"
"mean","GOM",8.04988406219187,10,12,2024,"bottomT","degC"
"mean","GOM",8.04117414450484,11,12,2024,"bottomT","degC"
"mean","GOM",8.03316546963584,12,12,2024,"bottomT","degC"
"mean","GOM",8.02075434331165,13,12,2024,"bottomT","degC"
"mean","GOM",8.00322815294072,14,12,2024,"bottomT","degC"
"mean","GOM",7.99034407985868,15,12,2024,"bottomT","degC"
"mean","GOM",7.98075282492919,16,12,2024,"bottomT","degC"
"mean","GOM",7.97341844396231,17,12,2024,"bottomT","degC"
"mean","GOM",7.97358436205957,18,12,2024,"bottomT","degC"
"mean","GOM",7.97318447293986,19,12,2024,"bottomT","degC"
"mean","GOM",7.96451992402349,20,12,2024,"bottomT","degC"
"mean","GOM",7.94149650193369,21,12,2024,"bottomT","degC"
"mean","GOM",7.90597118274286,22,12,2024,"bottomT","degC"
"mean","GOM",7.86930855846128,23,12,2024,"bottomT","degC"
"mean","GOM",7.85051672317859,24,12,2024,"bottomT","degC"
"mean","GOM",7.83247149902299,25,12,2024,"bottomT","degC"
"mean","GOM",7.8097366617356,26,12,2024,"bottomT","degC"
"mean","GOM",7.79104763309815,27,12,2024,"bottomT","degC"
"mean","GOM",7.77720847734523,28,12,2024,"bottomT","degC"
"mean","GOM",7.76742222925354,29,12,2024,"bottomT","degC"
"mean","GOM",7.75886193180361,30,12,2024,"bottomT","degC"
"mean","GOM",7.7587484819499,31,12,2024,"bottomT","degC"
"mean","GOM",7.75399148614224,1,1,2025,"bottomT","degC"
"mean","GOM",7.74110032743544,2,1,2025,"bottomT","degC"
"mean","GOM",7.72435053920469,3,1,2025,"bottomT","degC"
"mean","GOM",7.7078602602498,4,1,2025,"bottomT","degC"
"mean","GOM",7.68107252176364,5,1,2025,"bottomT","degC"
"mean","GOM",7.64688800772993,6,1,2025,"bottomT","degC"
"mean","GOM",7.61733426913864,7,1,2025,"bottomT","degC"
"mean","GOM",7.58319300972827,8,1,2025,"bottomT","degC"
"mean","GOM",7.54863270046866,9,1,2025,"bottomT","degC"
"mean","GOM",7.52031413675624,10,1,2025,"bottomT","degC"
"mean","GOM",7.51373631379496,11,1,2025,"bottomT","degC"
"mean","GOM",7.50379051935984,12,1,2025,"bottomT","degC"
"mean","GOM",7.488560227203,13,1,2025,"bottomT","degC"
"mean","GOM",7.4777841441052,14,1,2025,"bottomT","degC"
"mean","GOM",7.45416867190617,15,1,2025,"bottomT","degC"
"mean","GOM",7.42812612973017,16,1,2025,"bottomT","degC"
"mean","GOM",7.41581993343062,17,1,2025,"bottomT","degC"
"mean","GOM",7.40699231797705,18,1,2025,"bottomT","degC"
"mean","GOM",7.41745357222617,19,1,2025,"bottomT","degC"
"mean","GOM",7.41024400119283,20,1,2025,"bottomT","degC"
"mean","GOM",7.3801988916037,21,1,2025,"bottomT","degC"
"mean","GOM",7.36371357674059,22,1,2025,"bottomT","degC"
"mean","GOM",7.35272550467485,23,1,2025,"bottomT","degC"
"mean","GOM",7.34764589714058,24,1,2025,"bottomT","degC"
"mean","GOM",7.33172923990048,25,1,2025,"bottomT","degC"
"mean","GOM",7.32052631853626,26,1,2025,"bottomT","degC"
"mean","GOM",7.32085460776396,27,1,2025,"bottomT","degC"
"mean","GOM",7.33378759635268,28,1,2025,"bottomT","degC"
"mean","GOM",7.35022115038071,29,1,2025,"bottomT","degC"
"mean","GOM",7.34524790638299,30,1,2025,"bottomT","degC"
"mean","GOM",7.33025016720043,31,1,2025,"bottomT","degC"
"mean","GOM",7.34102908177851,1,2,2025,"bottomT","degC"
"mean","GOM",7.3143661317613,2,2,2025,"bottomT","degC"
"mean","GOM",7.29895999286205,3,2,2025,"bottomT","degC"
"mean","GOM",7.29778225354973,4,2,2025,"bottomT","degC"
"mean","GOM",7.27573093578638,5,2,2025,"bottomT","degC"
"mean","GOM",7.24976214734767,6,2,2025,"bottomT","degC"
"mean","GOM",7.23761121693562,7,2,2025,"bottomT","degC"
"mean","GOM",7.22387061899191,8,2,2025,"bottomT","degC"
"mean","GOM",7.21768560968087,9,2,2025,"bottomT","degC"
"mean","GOM",7.19790820669228,10,2,2025,"bottomT","degC"
"mean","GOM",7.17087938016982,11,2,2025,"bottomT","degC"
"mean","GOM",7.15492514049903,12,2,2025,"bottomT","degC"
"mean","GOM",7.13148550950315,13,2,2025,"bottomT","degC"
"mean","GOM",7.10342643798725,14,2,2025,"bottomT","degC"
"mean","GOM",7.08102343227833,15,2,2025,"bottomT","degC"
"mean","GOM",7.09122093118518,16,2,2025,"bottomT","degC"
"mean","GOM",7.08103194541414,17,2,2025,"bottomT","degC"
"mean","GOM",7.06964537838883,18,2,2025,"bottomT","degC"
"mean","GOM",7.08227986253127,19,2,2025,"bottomT","degC"
"mean","GOM",7.10567341134717,20,2,2025,"bottomT","degC"
"mean","GOM",7.10873080996322,21,2,2025,"bottomT","degC"
"mean","GOM",7.09184842672837,22,2,2025,"bottomT","degC"
"mean","GOM",7.08747575705418,23,2,2025,"bottomT","degC"
"mean","GOM",7.08750411086253,24,2,2025,"bottomT","degC"
"mean","GOM",7.09121384002117,25,2,2025,"bottomT","degC"
"mean","GOM",7.09574109725546,26,2,2025,"bottomT","degC"
"mean","GOM",7.09079267083156,27,2,2025,"bottomT","degC"
"mean","GOM",7.08677805577912,28,2,2025,"bottomT","degC"
"mean","GOM",7.08263509686665,1,3,2025,"bottomT","degC"
"mean","GOM",7.08429285032821,2,3,2025,"bottomT","degC"
"mean","GOM",7.06852225274107,3,3,2025,"bottomT","degC"
"mean","GOM",7.07019417629814,4,3,2025,"bottomT","degC"
"mean","GOM",7.08145240384865,5,3,2025,"bottomT","degC"
"mean","GOM",7.09320979854606,6,3,2025,"bottomT","degC"
"mean","GOM",7.10525578543154,7,3,2025,"bottomT","degC"
"mean","GOM",7.1385171127227,8,3,2025,"bottomT","degC"
"mean","GOM",7.17729980186248,9,3,2025,"bottomT","degC"
"mean","GOM",7.20164983616448,10,3,2025,"bottomT","degC"
"mean","GOM",7.21722191000954,11,3,2025,"bottomT","degC"
"mean","GOM",7.21904556656622,12,3,2025,"bottomT","degC"
"mean","GOM",7.20441936731108,13,3,2025,"bottomT","degC"
"mean","GOM",7.18243114645922,14,3,2025,"bottomT","degC"
"mean","GOM",7.16603517555429,15,3,2025,"bottomT","degC"
"mean","GOM",7.16136752393562,16,3,2025,"bottomT","degC"
"mean","GOM",7.15594405218569,17,3,2025,"bottomT","degC"
"mean","GOM",7.1410789037374,18,3,2025,"bottomT","degC"
"mean","GOM",7.12007271816516,19,3,2025,"bottomT","degC"
"mean","GOM",7.10097598129413,20,3,2025,"bottomT","degC"
"mean","GOM",7.08223589484482,21,3,2025,"bottomT","degC"
"mean","GOM",7.08280526610796,22,3,2025,"bottomT","degC"
"mean","GOM",7.08541313907184,23,3,2025,"bottomT","degC"
"mean","GOM",7.08975604265957,24,3,2025,"bottomT","degC"
"mean","GOM",7.09157757237482,25,3,2025,"bottomT","degC"
"mean","GOM",7.0919533775252,26,3,2025,"bottomT","degC"
"mean","GOM",7.08213379722366,27,3,2025,"bottomT","degC"
"mean","GOM",7.07360894474609,28,3,2025,"bottomT","degC"
"mean","GOM",7.06738139075901,29,3,2025,"bottomT","degC"
"mean","GOM",7.05407899393117,30,3,2025,"bottomT","degC"
"mean","GOM",7.03998316176748,31,3,2025,"bottomT","degC"
"mean","GOM",7.03287214300409,1,4,2025,"bottomT","degC"
"mean","GOM",7.02217405947919,2,4,2025,"bottomT","degC"
"mean","GOM",7.00944314390738,3,4,2025,"bottomT","degC"
"mean","GOM",7.00020711858183,4,4,2025,"bottomT","degC"
"mean","GOM",6.98505976816345,5,4,2025,"bottomT","degC"
"mean","GOM",6.9624397948543,6,4,2025,"bottomT","degC"
"mean","GOM",6.93638094627846,7,4,2025,"bottomT","degC"
"mean","GOM",6.91031147018868,8,4,2025,"bottomT","degC"
"mean","GOM",6.88430508154752,9,4,2025,"bottomT","degC"
"mean","GOM",6.86649456328829,10,4,2025,"bottomT","degC"
"mean","GOM",6.85855324616852,11,4,2025,"bottomT","degC"
"mean","GOM",6.8464470025069,12,4,2025,"bottomT","degC"
"mean","GOM",6.82174880345355,13,4,2025,"bottomT","degC"
"mean","GOM",6.79362805999837,14,4,2025,"bottomT","degC"
"mean","GOM",6.78063266967412,15,4,2025,"bottomT","degC"
"mean","GOM",6.77538077159634,16,4,2025,"bottomT","degC"
"mean","GOM",6.77723777190298,17,4,2025,"bottomT","degC"
"mean","GOM",6.78287255083141,18,4,2025,"bottomT","degC"
"mean","GOM",6.79011899042453,19,4,2025,"bottomT","degC"
"mean","GOM",6.79879771151363,20,4,2025,"bottomT","degC"
"mean","GOM",6.80658941439714,21,4,2025,"bottomT","degC"
"mean","GOM",6.81433715778768,22,4,2025,"bottomT","degC"
"mean","GOM",6.8146753719677,23,4,2025,"bottomT","degC"
"mean","GOM",6.81284816152013,24,4,2025,"bottomT","degC"
"mean","GOM",6.80767921741334,25,4,2025,"bottomT","degC"
"mean","GOM",6.79690172272984,26,4,2025,"bottomT","degC"
"mean","GOM",6.78688645685977,27,4,2025,"bottomT","degC"
"mean","GOM",6.77451857615764,28,4,2025,"bottomT","degC"
"mean","GOM",6.7674430129835,29,4,2025,"bottomT","degC"
"mean","GOM",6.76182381412067,30,4,2025,"bottomT","degC"
"mean","GOM",6.7557161006669,1,5,2025,"bottomT","degC"
"mean","GOM",6.75194609407534,2,5,2025,"bottomT","degC"
"mean","GOM",6.74318512965495,3,5,2025,"bottomT","degC"
"mean","GOM",6.73095266909013,4,5,2025,"bottomT","degC"
"mean","GOM",6.71977385985309,5,5,2025,"bottomT","degC"
"mean","GOM",6.71098240116559,6,5,2025,"bottomT","degC"
"mean","GOM",6.70721736789788,7,5,2025,"bottomT","degC"
"mean","GOM",6.70875529328944,8,5,2025,"bottomT","degC"
"mean","GOM",6.70982169366414,9,5,2025,"bottomT","degC"
"mean","GOM",6.70992876137792,10,5,2025,"bottomT","degC"
"mean","GOM",6.71641652512527,11,5,2025,"bottomT","degC"
"mean","GOM",6.72864331165103,12,5,2025,"bottomT","degC"
"mean","GOM",6.73509775449784,13,5,2025,"bottomT","degC"
"mean","GOM",6.73863164268412,14,5,2025,"bottomT","degC"
"mean","GOM",6.73774108443579,15,5,2025,"bottomT","degC"
"mean","GOM",6.73775880172892,16,5,2025,"bottomT","degC"
"mean","GOM",6.73699302017862,17,5,2025,"bottomT","degC"
"mean","GOM",6.73119303979347,18,5,2025,"bottomT","degC"
"mean","GOM",6.72832210804809,19,5,2025,"bottomT","degC"
"mean","GOM",6.7315319662288,20,5,2025,"bottomT","degC"
"mean","GOM",6.73653073970946,21,5,2025,"bottomT","degC"
"mean","GOM",6.74244983983294,22,5,2025,"bottomT","degC"
"mean","GOM",6.76887669013984,23,5,2025,"bottomT","degC"
"mean","GOM",6.79168952792335,24,5,2025,"bottomT","degC"
"mean","GOM",6.80398722839725,25,5,2025,"bottomT","degC"
"mean","GOM",6.81454420551326,26,5,2025,"bottomT","degC"
"mean","GOM",6.82172257810225,27,5,2025,"bottomT","degC"
"mean","GOM",6.82434817412931,28,5,2025,"bottomT","degC"
"mean","GOM",6.82828196389862,29,5,2025,"bottomT","degC"
"mean","GOM",6.83465060929246,30,5,2025,"bottomT","degC"
"mean","GOM",6.83828518212938,31,5,2025,"bottomT","degC"
"mean","GOM",6.84343070974655,1,6,2025,"bottomT","degC"
"mean","GOM",6.85596524088103,2,6,2025,"bottomT","degC"
"mean","GOM",6.87142597255725,3,6,2025,"bottomT","degC"
"mean","GOM",6.88420226243897,4,6,2025,"bottomT","degC"
"mean","GOM",6.89243784116983,5,6,2025,"bottomT","degC"
"mean","GOM",6.90085917497766,6,6,2025,"bottomT","degC"
"mean","GOM",6.90715549668407,7,6,2025,"bottomT","degC"
"mean","GOM",6.91337241138632,8,6,2025,"bottomT","degC"
"mean","GOM",6.92185188609194,9,6,2025,"bottomT","degC"
"mean","GOM",6.92604093514707,10,6,2025,"bottomT","degC"
"mean","GOM",6.9283474615675,11,6,2025,"bottomT","degC"
"mean","GOM",6.93311862354703,12,6,2025,"bottomT","degC"
"mean","GOM",6.9390781505064,13,6,2025,"bottomT","degC"
"mean","GOM",6.94403864130277,14,6,2025,"bottomT","degC"
"mean","GOM",6.94208238477975,15,6,2025,"bottomT","degC"
"mean","GOM",6.94333171982964,16,6,2025,"bottomT","degC"
"mean","GOM",6.94362385067566,17,6,2025,"bottomT","degC"
"mean","GOM",6.93919373112519,18,6,2025,"bottomT","degC"
"mean","GOM",6.93981910051935,19,6,2025,"bottomT","degC"
"mean","GOM",6.94485049233894,20,6,2025,"bottomT","degC"
"mean","GOM",6.95549256942394,21,6,2025,"bottomT","degC"
"mean","GOM",6.972136698757,22,6,2025,"bottomT","degC"
"mean","GOM",6.98613539185205,23,6,2025,"bottomT","degC"
"mean","GOM",6.99968809495245,24,6,2025,"bottomT","degC"
"mean","GOM",7.01853594590711,25,6,2025,"bottomT","degC"
"mean","GOM",7.03826585189878,26,6,2025,"bottomT","degC"
"mean","GOM",7.05438530433559,27,6,2025,"bottomT","degC"
"mean","GOM",7.0663624963825,28,6,2025,"bottomT","degC"
"mean","GOM",7.07477887209941,29,6,2025,"bottomT","degC"
"mean","GOM",7.08829611568691,30,6,2025,"bottomT","degC"
"mean","GOM",7.09979045171821,1,7,2025,"bottomT","degC"
"mean","GOM",7.10575920291469,2,7,2025,"bottomT","degC"
"mean","GOM",7.11389692108952,3,7,2025,"bottomT","degC"
"mean","GOM",7.12797289780933,4,7,2025,"bottomT","degC"
"mean","GOM",7.14272956211131,5,7,2025,"bottomT","degC"
"mean","GOM",7.15384242980086,6,7,2025,"bottomT","degC"
"mean","GOM",7.15835763270257,7,7,2025,"bottomT","degC"
"mean","GOM",7.16431857632529,8,7,2025,"bottomT","degC"
"mean","GOM",7.17648156222392,9,7,2025,"bottomT","degC"
"mean","GOM",7.19274067994124,10,7,2025,"bottomT","degC"
"mean","GOM",7.21054410149721,11,7,2025,"bottomT","degC"
"mean","GOM",7.22795401561179,12,7,2025,"bottomT","degC"
"mean","GOM",7.24157903455234,13,7,2025,"bottomT","degC"
"mean","GOM",7.25195947390443,14,7,2025,"bottomT","degC"
"mean","GOM",7.26061904626571,15,7,2025,"bottomT","degC"
"mean","GOM",7.27318829603832,16,7,2025,"bottomT","degC"
"mean","GOM",7.28492300046494,17,7,2025,"bottomT","degC"
"mean","GOM",7.29411931559516,18,7,2025,"bottomT","degC"
"mean","GOM",7.3100175529805,19,7,2025,"bottomT","degC"
"mean","GOM",7.32322282274141,20,7,2025,"bottomT","degC"
"mean","GOM",7.33438957856909,21,7,2025,"bottomT","degC"
"mean","GOM",7.3520178697924,22,7,2025,"bottomT","degC"
"mean","GOM",7.36637108785254,23,7,2025,"bottomT","degC"
"mean","GOM",7.36932141783161,24,7,2025,"bottomT","degC"
"mean","GOM",7.36338812799444,25,7,2025,"bottomT","degC"
"mean","GOM",7.36376321881231,26,7,2025,"bottomT","degC"
"mean","GOM",7.36933985153449,27,7,2025,"bottomT","degC"
"mean","GOM",7.36756511394652,28,7,2025,"bottomT","degC"
"mean","GOM",7.37209095220944,29,7,2025,"bottomT","degC"
"mean","GOM",7.37964370890024,30,7,2025,"bottomT","degC"
"mean","GOM",7.38970648099931,31,7,2025,"bottomT","degC"
"mean","GOM",7.40644918083568,1,8,2025,"bottomT","degC"
"mean","GOM",7.42627764856019,2,8,2025,"bottomT","degC"
"mean","GOM",7.43939215216032,3,8,2025,"bottomT","degC"
"mean","GOM",7.44467028712949,4,8,2025,"bottomT","degC"
"mean","GOM",7.45077871930103,5,8,2025,"bottomT","degC"
"mean","GOM",7.4609180798489,6,8,2025,"bottomT","degC"
"mean","GOM",7.46689249446754,7,8,2025,"bottomT","degC"
"mean","GOM",7.46808793999449,8,8,2025,"bottomT","degC"
"mean","GOM",7.46451647676318,9,8,2025,"bottomT","degC"
"mean","GOM",7.45942837640369,10,8,2025,"bottomT","degC"
"mean","GOM",7.45557612394202,11,8,2025,"bottomT","degC"
"mean","GOM",7.45514645765735,12,8,2025,"bottomT","degC"
"mean","GOM",7.45326533968428,13,8,2025,"bottomT","degC"
"mean","GOM",7.44625430324071,14,8,2025,"bottomT","degC"
"mean","GOM",7.4457983846009,15,8,2025,"bottomT","degC"
"mean","GOM",7.45268038835553,16,8,2025,"bottomT","degC"
"mean","GOM",7.45132114903394,17,8,2025,"bottomT","degC"
"mean","GOM",7.45174374538839,18,8,2025,"bottomT","degC"
"mean","GOM",7.46417755032786,19,8,2025,"bottomT","degC"
"mean","GOM",7.46842473520314,20,8,2025,"bottomT","degC"
"mean","GOM",7.46769726726462,21,8,2025,"bottomT","degC"
"mean","GOM",7.47938020231648,22,8,2025,"bottomT","degC"
"mean","GOM",7.48666565277454,23,8,2025,"bottomT","degC"
"mean","GOM",7.46551197934589,24,8,2025,"bottomT","degC"
"mean","GOM",7.43679704555353,25,8,2025,"bottomT","degC"
"mean","GOM",7.42639251877008,26,8,2025,"bottomT","degC"
"mean","GOM",7.42547926713513,27,8,2025,"bottomT","degC"
"mean","GOM",7.43130336911034,28,8,2025,"bottomT","degC"
"mean","GOM",7.42986611729093,29,8,2025,"bottomT","degC"
"mean","GOM",7.42208293285167,30,8,2025,"bottomT","degC"
"mean","GOM",7.42460854955934,31,8,2025,"bottomT","degC"
"mean","GOM",7.43007812749266,1,9,2025,"bottomT","degC"
"mean","GOM",7.43673110816047,2,9,2025,"bottomT","degC"
"mean","GOM",7.44210779978483,3,9,2025,"bottomT","degC"
"mean","GOM",7.44764544218346,4,9,2025,"bottomT","degC"
"mean","GOM",7.45002359249931,5,9,2025,"bottomT","degC"
"mean","GOM",7.44644503348795,6,9,2025,"bottomT","degC"
"mean","GOM",7.4457664808253,7,9,2025,"bottomT","degC"
"mean","GOM",7.45811025909394,8,9,2025,"bottomT","degC"
"mean","GOM",7.47495717623804,9,9,2025,"bottomT","degC"
"mean","GOM",7.49110853660487,10,9,2025,"bottomT","degC"
"mean","GOM",7.5149374363614,11,9,2025,"bottomT","degC"
"mean","GOM",7.54241650379177,12,9,2025,"bottomT","degC"
"mean","GOM",7.56699556856626,13,9,2025,"bottomT","degC"
"mean","GOM",7.58128921706356,14,9,2025,"bottomT","degC"
"mean","GOM",7.59755331272077,15,9,2025,"bottomT","degC"
"mean","GOM",7.61919267133729,16,9,2025,"bottomT","degC"
"mean","GOM",7.6368840818599,17,9,2025,"bottomT","degC"
"mean","GOM",7.64583082374506,18,9,2025,"bottomT","degC"
"mean","GOM",7.65169320701976,19,9,2025,"bottomT","degC"
"mean","GOM",7.66205379554401,20,9,2025,"bottomT","degC"
"mean","GOM",7.67173083823279,21,9,2025,"bottomT","degC"
"mean","GOM",7.67480809829357,22,9,2025,"bottomT","degC"
"mean","GOM",7.67068712893668,23,9,2025,"bottomT","degC"
"mean","GOM",7.67209741891527,24,9,2025,"bottomT","degC"
"mean","GOM",7.69314968389786,25,9,2025,"bottomT","degC"
"mean","GOM",7.70663574196593,26,9,2025,"bottomT","degC"
"mean","GOM",7.71968501165783,27,9,2025,"bottomT","degC"
"mean","GOM",7.73638941957782,28,9,2025,"bottomT","degC"
"mean","GOM",7.74390956023771,29,9,2025,"bottomT","degC"
"mean","GOM",7.75176579769906,30,9,2025,"bottomT","degC"
"mean","GOM",7.77125887487657,1,10,2025,"bottomT","degC"
"mean","GOM",7.80800092739611,2,10,2025,"bottomT","degC"
"mean","GOM",7.83403849117061,3,10,2025,"bottomT","degC"
"mean","GOM",7.84120977767324,4,10,2025,"bottomT","degC"
"mean","GOM",7.85149094719162,5,10,2025,"bottomT","degC"
"mean","GOM",7.86197631287552,6,10,2025,"bottomT","degC"
"mean","GOM",7.85825666591943,7,10,2025,"bottomT","degC"
"mean","GOM",7.83763689454735,8,10,2025,"bottomT","degC"
"mean","GOM",7.83375842296604,9,10,2025,"bottomT","degC"
"mean","GOM",7.85458096091537,10,10,2025,"bottomT","degC"
"mean","GOM",7.85627700283128,11,10,2025,"bottomT","degC"
"mean","GOM",7.85217446948529,12,10,2025,"bottomT","degC"
"mean","GOM",7.88153250796751,13,10,2025,"bottomT","degC"
"mean","GOM",7.94055417292577,14,10,2025,"bottomT","degC"
"mean","GOM",7.97917518449545,15,10,2025,"bottomT","degC"
"mean","GOM",7.99427006390065,16,10,2025,"bottomT","degC"
"mean","GOM",8.02294529603735,17,10,2025,"bottomT","degC"
"mean","GOM",8.03677947477357,18,10,2025,"bottomT","degC"
"mean","GOM",8.03591372913682,19,10,2025,"bottomT","degC"
"mean","GOM",8.03021300566046,20,10,2025,"bottomT","degC"
"mean","GOM",8.02120599072762,21,10,2025,"bottomT","degC"
"mean","GOM",8.01758916841933,22,10,2025,"bottomT","degC"
"mean","GOM",8.01256699714402,23,10,2025,"bottomT","degC"
"mean","GOM",8.00574242203187,24,10,2025,"bottomT","degC"
"mean","GOM",8.00513123404253,25,10,2025,"bottomT","degC"
"mean","GOM",8.00621039454265,26,10,2025,"bottomT","degC"
"mean","GOM",8.00568144642257,27,10,2025,"bottomT","degC"
"mean","GOM",8.0105717355261,28,10,2025,"bottomT","degC"
"mean","GOM",8.020879132473,29,10,2025,"bottomT","degC"
"mean","GOM",8.02456759298644,30,10,2025,"bottomT","degC"
"mean","GOM",8.02494408708113,31,10,2025,"bottomT","degC"
"mean","GOM",7.99640428916067,1,11,2025,"bottomT","degC"
"mean","GOM",7.96636769893901,2,11,2025,"bottomT","degC"
"mean","GOM",7.94991997019942,3,11,2025,"bottomT","degC"
"mean","GOM",7.92964480484097,4,11,2025,"bottomT","degC"
"mean","GOM",7.90876270286804,5,11,2025,"bottomT","degC"
"mean","GOM",7.8886810987755,6,11,2025,"bottomT","degC"
"mean","GOM",7.87207382853934,7,11,2025,"bottomT","degC"
"mean","GOM",7.84748200502423,8,11,2025,"bottomT","degC"
"mean","GOM",7.8277584830189,9,11,2025,"bottomT","degC"
"mean","GOM",7.82479112215217,10,11,2025,"bottomT","degC"
"mean","GOM",7.8253597691583,11,11,2025,"bottomT","degC"
"mean","GOM",7.80798105856571,12,11,2025,"bottomT","degC"
"mean","GOM",7.78658348131503,13,11,2025,"bottomT","degC"
"mean","GOM",7.77671285520334,14,11,2025,"bottomT","degC"
"mean","GOM",7.76815396703109,15,11,2025,"bottomT","degC"
"mean","GOM",7.75702123928162,16,11,2025,"bottomT","degC"
"mean","GOM",7.73712400129896,17,11,2025,"bottomT","degC"
"mean","GOM",7.71355319507817,18,11,2025,"bottomT","degC"
"mean","GOM",7.69679206015411,19,11,2025,"bottomT","degC"
"mean","GOM",7.68653641919545,20,11,2025,"bottomT","degC"
"mean","GOM",7.68276502225198,21,11,2025,"bottomT","degC"
"mean","GOM",7.67717064130918,22,11,2025,"bottomT","degC"
"mean","GOM",7.66909602997033,23,11,2025,"bottomT","degC"
"mean","GOM",7.66336339764073,24,11,2025,"bottomT","degC"
"mean","GOM",7.65776831598273,25,11,2025,"bottomT","degC"
"mean","GOM",7.65430461979559,26,11,2025,"bottomT","degC"
"mean","GOM",7.65460526400822,27,11,2025,"bottomT","degC"
"mean","GOM",7.64893927717255,28,11,2025,"bottomT","degC"
"mean","GOM",7.63077493374022,29,11,2025,"bottomT","degC"
"mean","GOM",7.62023498428064,30,11,2025,"bottomT","degC"
"mean","GOM",7.61257587213138,1,12,2025,"bottomT","degC"
"mean","GOM",7.60349299485316,2,12,2025,"bottomT","degC"
"mean","GOM",7.59985415125401,3,12,2025,"bottomT","degC"
"mean","GOM",7.59216243969159,4,12,2025,"bottomT","degC"
"mean","GOM",7.56647797775638,5,12,2025,"bottomT","degC"
"mean","GOM",7.55328333966384,6,12,2025,"bottomT","degC"
"mean","GOM",7.54622620326852,7,12,2025,"bottomT","degC"
"mean","GOM",7.53493890688472,8,12,2025,"bottomT","degC"
"mean","GOM",7.5131860877976,9,12,2025,"bottomT","degC"
"mean","GOM",7.5012500145313,10,12,2025,"bottomT","degC"
"mean","GOM",7.49866058057875,11,12,2025,"bottomT","degC"
"mean","GOM",7.48003679323519,12,12,2025,"bottomT","degC"
"mean","GOM",7.47013283468285,13,12,2025,"bottomT","degC"
"mean","GOM",7.47111556421522,14,12,2025,"bottomT","degC"
"mean","GOM",7.45248893939052,15,12,2025,"bottomT","degC"
"mean","GOM",7.43033338262405,16,12,2025,"bottomT","degC"
"mean","GOM",7.42463266976459,17,12,2025,"bottomT","degC"
"mean","GOM",7.42671441708737,18,12,2025,"bottomT","degC"
"mean","GOM",7.43270728202665,19,12,2025,"bottomT","degC"
"mean","GOM",7.4316961726053,20,12,2025,"bottomT","degC"
"mean","GOM",7.43517262799465,21,12,2025,"bottomT","degC"
"mean","GOM",7.42868911192932,22,12,2025,"bottomT","degC"
"mean","GOM",7.41952043719813,23,12,2025,"bottomT","degC"
"mean","GOM",7.41786482165651,24,12,2025,"bottomT","degC"
"mean","GOM",7.40564441450106,25,12,2025,"bottomT","degC"
"mean","GOM",7.37839082549872,26,12,2025,"bottomT","degC"
"mean","GOM",7.35552693890464,27,12,2025,"bottomT","degC"
"mean","GOM",7.33012750788095,28,12,2025,"bottomT","degC"
"mean","GOM",7.32584982850775,29,12,2025,"bottomT","degC"
"mean","GOM",7.32733670093429,30,12,2025,"bottomT","degC"
"mean","GOM",7.31842681722281,31,12,2025,"bottomT","degC"
"mean","GOM",7.3275926590889,1,1,2026,"bottomT","degC"
"mean","GOM",7.31406549539594,2,1,2026,"bottomT","degC"
"mean","GOM",7.3084115693553,3,1,2026,"bottomT","degC"
"mean","GOM",7.31181497079936,4,1,2026,"bottomT","degC"
"mean","GOM",7.3009353775715,5,1,2026,"bottomT","degC"
"mean","GOM",7.29375842256906,6,1,2026,"bottomT","degC"
"mean","GOM",7.28881708142372,7,1,2026,"bottomT","degC"
"mean","GOM",7.2743958012063,8,1,2026,"bottomT","degC"
"mean","GOM",7.26156491277756,9,1,2026,"bottomT","degC"
"mean","GOM",7.25911869868881,10,1,2026,"bottomT","degC"
"mean","GOM",7.25923498740847,11,1,2026,"bottomT","degC"
"mean","GOM",7.24816536557178,12,1,2026,"bottomT","degC"
"mean","GOM",7.24012336772501,13,1,2026,"bottomT","degC"
"mean","GOM",7.25139790190616,14,1,2026,"bottomT","degC"
"mean","GOM",7.25843093148275,15,1,2026,"bottomT","degC"
"mean","GOM",7.25698305353421,16,1,2026,"bottomT","degC"
"mean","GOM",7.24870281967281,17,1,2026,"bottomT","degC"
"mean","GOM",7.25331091165312,18,1,2026,"bottomT","degC"
"mean","GOM",7.24942392208915,19,1,2026,"bottomT","degC"
"mean","GOM",7.23446659150913,20,1,2026,"bottomT","degC"
"mean","GOM",7.22488100646426,21,1,2026,"bottomT","degC"
"mean","GOM",7.23302865305344,22,1,2026,"bottomT","degC"
"mean","GOM",7.24566242194014,23,1,2026,"bottomT","degC"
"mean","GOM",7.23255855762485,24,1,2026,"bottomT","degC"
"mean","GOM",7.21036967857302,25,1,2026,"bottomT","degC"
"mean","GOM",7.18784329713487,26,1,2026,"bottomT","degC"
"mean","GOM",7.14121999652896,27,1,2026,"bottomT","degC"
"mean","GOM",7.09609774398434,28,1,2026,"bottomT","degC"
"mean","GOM",7.06547973809145,29,1,2026,"bottomT","degC"
"mean","GOM",7.03767095807676,30,1,2026,"bottomT","degC"
"mean","GOM",7.01278275164838,31,1,2026,"bottomT","degC"
"mean","GOM",6.99264868865978,1,2,2026,"bottomT","degC"
"mean","GOM",6.9448178838091,2,2,2026,"bottomT","degC"
"mean","GOM",6.90633867717089,3,2,2026,"bottomT","degC"
"mean","GOM",6.88011959423054,4,2,2026,"bottomT","degC"
"mean","GOM",6.85198606964695,5,2,2026,"bottomT","degC"
"mean","GOM",6.82752327674356,6,2,2026,"bottomT","degC"
"mean","GOM",6.79977691162013,7,2,2026,"bottomT","degC"
"mean","GOM",6.74310287743778,8,2,2026,"bottomT","degC"
"mean","GOM",6.68313250340889,9,2,2026,"bottomT","degC"
"mean","GOM",6.64577927040107,10,2,2026,"bottomT","degC"
"mean","GOM",6.63734871397175,11,2,2026,"bottomT","degC"
"mean","GOM",6.62314298561443,12,2,2026,"bottomT","degC"
"mean","GOM",6.59550863279378,13,2,2026,"bottomT","degC"
"mean","GOM",6.58445036619007,14,2,2026,"bottomT","degC"
"mean","GOM",6.58281741933924,15,2,2026,"bottomT","degC"
"mean","GOM",6.57392243817377,16,2,2026,"bottomT","degC"
"mean","GOM",6.56590242942097,17,2,2026,"bottomT","degC"
"mean","GOM",6.56224376199783,18,2,2026,"bottomT","degC"
"mean","GOM",6.55193352168435,19,2,2026,"bottomT","degC"
"mean","GOM",6.54076888462004,20,2,2026,"bottomT","degC"
"mean","GOM",6.52302430721589,21,2,2026,"bottomT","degC"
"mean","GOM",6.49797371696295,22,2,2026,"bottomT","degC"
"mean","GOM",6.45445958330924,23,2,2026,"bottomT","degC"
"mean","GOM",6.36072727925318,24,2,2026,"bottomT","degC"
"mean","GOM",6.32211194137636,25,2,2026,"bottomT","degC"
"mean","GOM",6.31678417287514,26,2,2026,"bottomT","degC"
"mean","GOM",6.31462868600939,27,2,2026,"bottomT","degC"
"mean","GOM",6.31240511355996,28,2,2026,"bottomT","degC"
"mean","GOM",6.31242496161816,1,3,2026,"bottomT","degC"
"mean","GOM",6.29261493290498,2,3,2026,"bottomT","degC"
"mean","GOM",6.28137373185689,3,3,2026,"bottomT","degC"
"mean","GOM",6.28737720953876,4,3,2026,"bottomT","degC"
"mean","GOM",6.29246248788086,5,3,2026,"bottomT","degC"
"mean","GOM",6.27071323399391,6,3,2026,"bottomT","degC"
"mean","GOM",6.24012215855276,7,3,2026,"bottomT","degC"
"mean","GOM",6.23526944749468,8,3,2026,"bottomT","degC"
"mean","GOM",6.24250880492507,9,3,2026,"bottomT","degC"
"mean","GOM",6.25102019056115,10,3,2026,"bottomT","degC"
"mean","GOM",6.24954750577109,11,3,2026,"bottomT","degC"
"mean","GOM",6.23893024914493,12,3,2026,"bottomT","degC"
"mean","GOM",6.22647798996119,13,3,2026,"bottomT","degC"
"mean","GOM",6.22498899369364,14,3,2026,"bottomT","degC"
"mean","GOM",6.22746923009054,15,3,2026,"bottomT","degC"
"mean","GOM",6.22118567451041,16,3,2026,"bottomT","degC"
"mean","GOM",6.2349603072256,17,3,2026,"bottomT","degC"
"mean","GOM",6.24884484282768,18,3,2026,"bottomT","degC"
"mean","GOM",6.2531423721055,19,3,2026,"bottomT","degC"
"mean","GOM",6.24943760242259,20,3,2026,"bottomT","degC"
"mean","GOM",6.24430268385519,21,3,2026,"bottomT","degC"
"mean","GOM",6.23258429044445,22,3,2026,"bottomT","degC"
"mean","GOM",6.21271257525146,23,3,2026,"bottomT","degC"
"mean","GOM",6.17414758281579,24,3,2026,"bottomT","degC"
